region,lga,ward,population_imputed_ward
Arusha,Arusha Rural,Bangata,200.0
Arusha,Arusha Rural,Bwawani,348.64864864864865
Arusha,Arusha Rural,Ilkiding'a,201.1627906976744
Arusha,Arusha Rural,Kimnyaki,206.34177215189874
Arusha,Arusha Rural,Kiranyi,174.36521739130436
Arusha,Arusha Rural,Kisongo,163.63636363636363
Arusha,Arusha Rural,Mateves,227.27272727272728
Arusha,Arusha Rural,Mlangarini,156.52173913043478
Arusha,Arusha Rural,Moivo,173.9090909090909
Arusha,Arusha Rural,Moshono,785.1136363636364
Arusha,Arusha Rural,Murieti,153.44827586206895
Arusha,Arusha Rural,Musa,127.58620689655173
Arusha,Arusha Rural,Mwandeti,194.11764705882354
Arusha,Arusha Rural,Nduruma,176.82926829268294
Arusha,Arusha Rural,Oldonyosambu,150.64935064935065
Arusha,Arusha Rural,Oljoro,100.0
Arusha,Arusha Rural,Olkokola,150.75187969924812
Arusha,Arusha Rural,Oltroto,180.0
Arusha,Arusha Rural,Oltrumet,198.07692307692307
Arusha,Arusha Rural,Sokoni II,196.42857142857142
Arusha,Arusha Urban,Baraa,4580.0
Arusha,Arusha Urban,Daraja Mbili,1236.6666666666667
Arusha,Arusha Urban,Elerai,340.54545454545456
Arusha,Arusha Urban,Engutoto,2300.0
Arusha,Arusha Urban,Kaloleni,470.4
Arusha,Arusha Urban,Kimandolu,265.5
Arusha,Arusha Urban,Lemara,150.75
Arusha,Arusha Urban,Levolosi,1.0
Arusha,Arusha Urban,Ngarenaro,320.6666666666667
Arusha,Arusha Urban,Olorien,1848.0
Arusha,Arusha Urban,Sekei,1060.3333333333333
Arusha,Arusha Urban,Sokon I,286.75
Arusha,Arusha Urban,Sombetini,2593.0
Arusha,Arusha Urban,Terrat,847.5
Arusha,Arusha Urban,Themi,1.0
Arusha,Arusha Urban,Unga Ltd,694.5
Arusha,Karatu,Barray,442.125
Arusha,Karatu,Daa,311.7647058823529
Arusha,Karatu,Endabash,637.6833333333333
Arusha,Karatu,Kansay,1300.0
Arusha,Karatu,Karatu,1345.0
Arusha,Karatu,Mang'ola,485.5217391304348
Arusha,Karatu,Mbulumbulu,180.51162790697674
Arusha,Karatu,Oldeani,125.0
Arusha,Karatu,Qurus,328.0952380952381
Arusha,Karatu,Rhotia,139.0
Arusha,Longido,Engarenaibor,398.8235294117647
Arusha,Longido,Gelai Lumbwa,357.14285714285717
Arusha,Longido,Gelai Meirugoi,598.8888888888889
Arusha,Longido,Ketumbeine,622.2647058823529
Arusha,Longido,Longido,442.38235294117646
Arusha,Longido,Matare,738.5714285714286
Arusha,Longido,Namanga,619.703125
Arusha,Longido,Olmolog,675.6666666666666
Arusha,Longido,Tingatinga,426.9047619047619
Arusha,Meru,Akheri,196.73333333333332
Arusha,Meru,Kikatiti,212.8507462686567
Arusha,Meru,Kikwe,271.42857142857144
Arusha,Meru,King'ori,234.86111111111111
Arusha,Meru,Leguruki,195.46391752577318
Arusha,Meru,Maji ya Chai,180.60526315789474
Arusha,Meru,Makiba,335.7142857142857
Arusha,Meru,Maroroni,327.1875
Arusha,Meru,Mbuguni,332.85714285714283
Arusha,Meru,Ngarenanyuki,205.9418604651163
Arusha,Meru,Nkoanrua,181.97297297297297
Arusha,Meru,Nkoaranga,136.2391304347826
Arusha,Meru,Nkoarisambu,160.11111111111111
Arusha,Meru,Poli,192.21428571428572
Arusha,Meru,Singisi,256.22222222222223
Arusha,Meru,Songoro,163.13725490196077
Arusha,Meru,USA River,256.9166666666667
Arusha,Monduli,Engaruka,1.0
Arusha,Monduli,Engutoto,1.0
Arusha,Monduli,Esilalei,1.0
Arusha,Monduli,Lolkisale,1.0
Arusha,Monduli,Makuyuni,1.0
Arusha,Monduli,Moita,1.0
Arusha,Monduli,Monduli Juu,1.0
Arusha,Monduli,Selela,1.0
Arusha,Monduli,Sepeko,1.0
Arusha,Ngorongoro,Arash,173.25
Arusha,Ngorongoro,Digodigo,291.35
Arusha,Ngorongoro,Endulen,248.0
Arusha,Ngorongoro,Kakesio,143.33333333333334
Arusha,Ngorongoro,Malambo,261.40909090909093
Arusha,Ngorongoro,Nainokanoka,136.0909090909091
Arusha,Ngorongoro,Naiyobi,737.5
Arusha,Ngorongoro,Ngorongoro,196.0
Arusha,Ngorongoro,Olbalbal,361.6666666666667
Arusha,Ngorongoro,Oldonyo Sambu,396.8
Arusha,Ngorongoro,Olgosorok,188.89285714285714
Arusha,Ngorongoro,Pinyinyi,243.6
Arusha,Ngorongoro,Sale,206.85714285714286
Arusha,Ngorongoro,Soit Sambu,209.63636363636363
Dar es Salaam,Ilala,Chanika,213.55194805194805
Dar es Salaam,Ilala,Kinyerezi,241.23529411764707
Dar es Salaam,Ilala,Kitunda,185.43076923076924
Dar es Salaam,Ilala,Msongola,242.22413793103448
Dar es Salaam,Ilala,Pugu,205.1095890410959
Dar es Salaam,Kinondoni,Bunju,623.2307692307693
Dar es Salaam,Kinondoni,Goba,444.7878787878788
Dar es Salaam,Kinondoni,Kibamba,852.6666666666666
Dar es Salaam,Kinondoni,Kunduchi,1104.7222222222222
Dar es Salaam,Kinondoni,Mbezi,3047.25
Dar es Salaam,Kinondoni,Mbweni,414.6666666666667
Dar es Salaam,Temeke,Chamazi,213.33333333333334
Dar es Salaam,Temeke,Kibada,100.83333333333333
Dar es Salaam,Temeke,Kimbiji,102.55
Dar es Salaam,Temeke,Kisarawe II,89.8529411764706
Dar es Salaam,Temeke,Mji Mwema,86.56410256410257
Dar es Salaam,Temeke,Pemba Mnazi,86.58695652173913
Dar es Salaam,Temeke,Somangira,93.37735849056604
Dar es Salaam,Temeke,Vijibweni,71.5
Dodoma,Bahi,Babayu,
Dodoma,Bahi,Bahi,
Dodoma,Bahi,Chali,
Dodoma,Bahi,Chibelela,
Dodoma,Bahi,Chikola,
Dodoma,Bahi,Chipanga,
Dodoma,Bahi,Ibihwa,
Dodoma,Bahi,Ibugule,
Dodoma,Bahi,Ilindi,
Dodoma,Bahi,Kigwe,
Dodoma,Bahi,Lamaiti,
Dodoma,Bahi,Makanda,
Dodoma,Bahi,Mpalanga,
Dodoma,Bahi,Mpamantwa,
Dodoma,Bahi,Msisi,
Dodoma,Bahi,Mtitaa,
Dodoma,Bahi,Mundemu,
Dodoma,Bahi,Mwitikira,
Dodoma,Bahi,Nondwa,
Dodoma,Bahi,Zanka,
Dodoma,Chamwino,Chilionwa,
Dodoma,Chamwino,Chinugulu,
Dodoma,Chamwino,Dabalo,
Dodoma,Chamwino,Fufu,
Dodoma,Chamwino,Handali,
Dodoma,Chamwino,Haneti,
Dodoma,Chamwino,Huzi,
Dodoma,Chamwino,Idifu,
Dodoma,Chamwino,Igandu,
Dodoma,Chamwino,Ikowa,
Dodoma,Chamwino,Iringa Mvumi,
Dodoma,Chamwino,Itiso,
Dodoma,Chamwino,Majeleko,
Dodoma,Chamwino,Makang'wa,
Dodoma,Chamwino,Manchali,
Dodoma,Chamwino,Manda,
Dodoma,Chamwino,Manzase,
Dodoma,Chamwino,Membe,
Dodoma,Chamwino,Mlowa Bwawani,
Dodoma,Chamwino,Mphwayungu,
Dodoma,Chamwino,Msamalo,
Dodoma,Chamwino,Muungano,
Dodoma,Chamwino,Mvumi Makulu,
Dodoma,Chamwino,Mvumi Mission,
Dodoma,Chamwino,Nghambaku,
Dodoma,Chamwino,Segala,
Dodoma,Dodoma Urban,Chihanga,
Dodoma,Dodoma Urban,Hombolo,
Dodoma,Dodoma Urban,Ipala,
Dodoma,Dodoma Urban,Kikombo,
Dodoma,Dodoma Urban,Makutopora,
Dodoma,Dodoma Urban,Mbabala,
Dodoma,Dodoma Urban,Mbalawala,
Dodoma,Dodoma Urban,Mkonze,
Dodoma,Dodoma Urban,Mpunguzi,
Dodoma,Dodoma Urban,Msalato,
Dodoma,Dodoma Urban,Mtumba,
Dodoma,Dodoma Urban,Nala,
Dodoma,Dodoma Urban,Ngh'ong'ona,
Dodoma,Dodoma Urban,Nzuguni,
Dodoma,Dodoma Urban,Tambuka Reli,
Dodoma,Dodoma Urban,Zuzu,
Dodoma,Kondoa,Bereko,
Dodoma,Kondoa,Bumbuta,
Dodoma,Kondoa,Busi,
Dodoma,Kondoa,Chandama,
Dodoma,Kondoa,Changaa,
Dodoma,Kondoa,Chemba,
Dodoma,Kondoa,Dalai,
Dodoma,Kondoa,Farkwa,
Dodoma,Kondoa,Goima,
Dodoma,Kondoa,Gwandi,
Dodoma,Kondoa,Haubi,
Dodoma,Kondoa,Jangalo,
Dodoma,Kondoa,Kalamba,
Dodoma,Kondoa,Kikore,
Dodoma,Kondoa,Kingale,
Dodoma,Kondoa,Kisese,
Dodoma,Kondoa,Kolo,
Dodoma,Kondoa,Kwadelo,
Dodoma,Kondoa,Kwamtoro,
Dodoma,Kondoa,Lalta,
Dodoma,Kondoa,Makorongo,
Dodoma,Kondoa,Masange,
Dodoma,Kondoa,Mnenia,
Dodoma,Kondoa,Mondo,
Dodoma,Kondoa,Mpendo,
Dodoma,Kondoa,Mrijo,
Dodoma,Kondoa,Ovada,
Dodoma,Kondoa,Pahi,
Dodoma,Kondoa,Paranga,
Dodoma,Kondoa,Sanzawa,
Dodoma,Kondoa,Soera,
Dodoma,Kondoa,Suruke,
Dodoma,Kondoa,Thawi,
Dodoma,Kongwa,Chamkoroma,
Dodoma,Kongwa,Hogoro,
Dodoma,Kongwa,Iduo,
Dodoma,Kongwa,Kibaigwa,
Dodoma,Kongwa,Kongwa Urban,
Dodoma,Kongwa,Mkoka,
Dodoma,Kongwa,Mlali,
Dodoma,Kongwa,Mtanana,
Dodoma,Kongwa,Njoge,
Dodoma,Kongwa,Pandambili,
Dodoma,Kongwa,Sagara,
Dodoma,Kongwa,Sejeli,
Dodoma,Kongwa,Ugogoni,
Dodoma,Kongwa,Zoissa,
Dodoma,Mpwapwa,Berege,
Dodoma,Mpwapwa,Chunyu,
Dodoma,Mpwapwa,Gode Gode,
Dodoma,Mpwapwa,Ipera,
Dodoma,Mpwapwa,Kibakwe,
Dodoma,Mpwapwa,Kimagai,
Dodoma,Mpwapwa,Luhundwa,
Dodoma,Mpwapwa,Lumuma,
Dodoma,Mpwapwa,Massa,
Dodoma,Mpwapwa,Matomondo,
Dodoma,Mpwapwa,Mazae,
Dodoma,Mpwapwa,Mbuga,
Dodoma,Mpwapwa,Mima,
Dodoma,Mpwapwa,Mlunduzi,
Dodoma,Mpwapwa,Rudi,
Dodoma,Mpwapwa,Vinghawe,
Dodoma,Mpwapwa,Wotta,
Iringa,Iringa Rural,Idodi,1.0
Iringa,Iringa Rural,Ifunda,220.69565217391303
Iringa,Iringa Rural,Ilolo Mpya,1.0
Iringa,Iringa Rural,Itunundu,160.8
Iringa,Iringa Rural,Izazi,1.0
Iringa,Iringa Rural,Kalenga,449.7391304347826
Iringa,Iringa Rural,Kihorogota,169.97142857142856
Iringa,Iringa Rural,Kiwere,66.96774193548387
Iringa,Iringa Rural,Lumuli,464.93333333333334
Iringa,Iringa Rural,Maboga,414.28
Iringa,Iringa Rural,Magulilwa,278.4193548387097
Iringa,Iringa Rural,Mahuninga,11.310344827586206
Iringa,Iringa Rural,Malenga Makali,113.525
Iringa,Iringa Rural,Mgama,925.625
Iringa,Iringa Rural,Mlowa,23.933333333333334
Iringa,Iringa Rural,Mseke,43.67741935483871
Iringa,Iringa Rural,Nduli,1.0
Iringa,Iringa Rural,Nzihi,191.51923076923077
Iringa,Iringa Rural,Ulanda,396.6969696969697
Iringa,Iringa Rural,Wasa,813.15
Iringa,Kilolo,Boma la ng'ombe,108.3108108108108
Iringa,Kilolo,Dabaga,203.33333333333334
Iringa,Kilolo,Idete,204.28571428571428
Iringa,Kilolo,Ilula,375.0
Iringa,Kilolo,Image,215.85714285714286
Iringa,Kilolo,Irole,56.471698113207545
Iringa,Kilolo,Mahenge,335.82758620689657
Iringa,Kilolo,Mtitu,200.42857142857142
Iringa,Kilolo,Udekwa,194.68421052631578
Iringa,Kilolo,Uhambingeto,184.3846153846154
Iringa,Kilolo,Ukumbi,315.82089552238807
Iringa,Kilolo,Ukwega,212.76923076923077
Iringa,Ludewa,Ibumi,59.925925925925924
Iringa,Ludewa,Luana,10.066666666666666
Iringa,Ludewa,Ludende,245.6875
Iringa,Ludewa,Ludewa,179.23076923076923
Iringa,Ludewa,Lugarawa,285.4047619047619
Iringa,Ludewa,Luilo,96.66666666666667
Iringa,Ludewa,Lupanga,147.70454545454547
Iringa,Ludewa,Madilu,114.609375
Iringa,Ludewa,Madope,93.95833333333333
Iringa,Ludewa,Manda,84.42857142857143
Iringa,Ludewa,Masasi,50.0
Iringa,Ludewa,Mavanga,127.95121951219512
Iringa,Ludewa,Mawengi,77.08771929824562
Iringa,Ludewa,Mlangali,110.2
Iringa,Ludewa,Mundindi,131.5
Iringa,Ludewa,Nkomang'ombe,31.76923076923077
Iringa,Makete,Bulongwa,
Iringa,Makete,Ikuwo,
Iringa,Makete,Iniho,
Iringa,Makete,Ipelele,
Iringa,Makete,Ipepo,
Iringa,Makete,Iwawa,
Iringa,Makete,Kipagalo,
Iringa,Makete,Kitulo,
Iringa,Makete,Lupalilo,
Iringa,Makete,Lupila,
Iringa,Makete,Mang'oto,
Iringa,Makete,Matamba,
Iringa,Makete,Mfumbi,
Iringa,Makete,Mlondwe,
Iringa,Makete,Ukwama,
Iringa,Mufindi,Bumilayinga,
Iringa,Mufindi,Idunda,
Iringa,Mufindi,Igombavanu,
Iringa,Mufindi,Igowole,
Iringa,Mufindi,Ihalimba,
Iringa,Mufindi,Ihowanza,
Iringa,Mufindi,Ikweha,
Iringa,Mufindi,Isalavanu,
Iringa,Mufindi,Itandula,
Iringa,Mufindi,Kasanga,
Iringa,Mufindi,Kibengu,
Iringa,Mufindi,Kiyowela,
Iringa,Mufindi,Luhunga,
Iringa,Mufindi,Mafinga,
Iringa,Mufindi,Malangali,
Iringa,Mufindi,Mbalamaziwa,
Iringa,Mufindi,Mninga,
Iringa,Mufindi,Mtambula,
Iringa,Mufindi,Mtwango,
Iringa,Mufindi,Nyololo,
Iringa,Mufindi,Rungemba,
Iringa,Mufindi,Sadani,
Iringa,Njombe,Idamba,94.03846153846153
Iringa,Njombe,Igongolo,84.71317829457364
Iringa,Njombe,Igosi,46.87947882736157
Iringa,Njombe,Ikondo,109.78260869565217
Iringa,Njombe,Ikuka,58.47692307692308
Iringa,Njombe,Ilembula,107.07142857142857
Iringa,Njombe,Imalinyi,121.23015873015873
Iringa,Njombe,Iwungilo,98.71428571428571
Iringa,Njombe,Kidegembye,131.01960784313727
Iringa,Njombe,Kifanya,43.05681818181818
Iringa,Njombe,Luduga,96.48214285714286
Iringa,Njombe,Lupembe,97.6867469879518
Iringa,Njombe,Luponde,79.83783783783784
Iringa,Njombe,Mahongole,89.21052631578948
Iringa,Njombe,Makambako,75.07936507936508
Iringa,Njombe,Matola,37.15862068965517
Iringa,Njombe,Mdandu,114.88311688311688
Iringa,Njombe,Mtwango,86.90666666666667
Iringa,Njombe,Njombe Urban,80.89583333333333
Iringa,Njombe,Saja,107.5
Iringa,Njombe,Usuka,91.70053475935829
Iringa,Njombe,Uwemba,69.04494382022472
Iringa,Njombe,Wangama,99.77083333333333
Iringa,Njombe,Wanging'ombe,117.15107913669065
Iringa,Njombe,Yakobi,44.793103448275865
Kagera,Biharamulo,Biharamulo Urban,
Kagera,Biharamulo,Kalenge,
Kagera,Biharamulo,Lusahunga,
Kagera,Biharamulo,Nyabusozi,
Kagera,Biharamulo,Nyakahura,
Kagera,Biharamulo,Nyamigogo,
Kagera,Biharamulo,Nyarubungo,
Kagera,Biharamulo,Runazi,
Kagera,Bukoba Rural,Buhendangabo,
Kagera,Bukoba Rural,Bujugo,
Kagera,Bukoba Rural,Buterankuzi,
Kagera,Bukoba Rural,Ibwera,
Kagera,Bukoba Rural,Izimbya,
Kagera,Bukoba Rural,Kaagya,
Kagera,Bukoba Rural,Kabaragaine,
Kagera,Bukoba Rural,Kaibanja,
Kagera,Bukoba Rural,Kanyangereko,
Kagera,Bukoba Rural,Kasharu,
Kagera,Bukoba Rural,Katerero,
Kagera,Bukoba Rural,Katoma,
Kagera,Bukoba Rural,Katoro,
Kagera,Bukoba Rural,Kibirizi,
Kagera,Bukoba Rural,Kikomero,
Kagera,Bukoba Rural,Kishanje,
Kagera,Bukoba Rural,Kyamuraile,
Kagera,Bukoba Rural,Maruku,
Kagera,Bukoba Rural,Mikoni,
Kagera,Bukoba Rural,Nyakato,
Kagera,Bukoba Rural,Nyakibimbili,
Kagera,Bukoba Rural,Rubafu,
Kagera,Bukoba Rural,Rubale,
Kagera,Bukoba Rural,Ruhunga,
Kagera,Bukoba Urban,Bukembe,
Kagera,Bukoba Urban,Ijunganyondo,
Kagera,Bukoba Urban,Kagondo,
Kagera,Bukoba Urban,Kahororo,
Kagera,Bukoba Urban,Kibeta,
Kagera,Bukoba Urban,Kitendaguru,
Kagera,Bukoba Urban,Nishambya,
Kagera,Bukoba Urban,Nyanga,
Kagera,Chato,Bukome,
Kagera,Chato,Buseresere,
Kagera,Chato,Buziku,
Kagera,Chato,Bwanga,
Kagera,Chato,Bwera,
Kagera,Chato,Chato,
Kagera,Chato,Ichwankima,
Kagera,Chato,Ilemela,
Kagera,Chato,Kachwamba,
Kagera,Chato,Katende,
Kagera,Chato,Kigongo,
Kagera,Chato,Makurugusi,
Kagera,Chato,Muganza,
Kagera,Chato,Nyamirembe,
Kagera,Karagwe,Bugene,
Kagera,Karagwe,Bugomora,
Kagera,Karagwe,Bweranyange,
Kagera,Karagwe,Igurwa,
Kagera,Karagwe,Ihanda,
Kagera,Karagwe,Ihembe,
Kagera,Karagwe,Isingiro,
Kagera,Karagwe,Kaisho,
Kagera,Karagwe,Kamuli,
Kagera,Karagwe,Kayanga,
Kagera,Karagwe,Kibingo,
Kagera,Karagwe,Kibondo,
Kagera,Karagwe,Kihanga,
Kagera,Karagwe,Kimuli,
Kagera,Karagwe,Kiruruma,
Kagera,Karagwe,Kituntu,
Kagera,Karagwe,Kyerwa,
Kagera,Karagwe,Mabira,
Kagera,Karagwe,Murongo,
Kagera,Karagwe,Ndama,
Kagera,Karagwe,Nkwenda,
Kagera,Karagwe,Nyabiyonza,
Kagera,Karagwe,Nyaishozi,
Kagera,Karagwe,Nyakahanga,
Kagera,Karagwe,Nyakakika,
Kagera,Karagwe,Nyakasimbi,
Kagera,Karagwe,Rugu,
Kagera,Karagwe,Rwabere,
Kagera,Misenyi,Bugandika,
Kagera,Misenyi,Bugorora,
Kagera,Misenyi,Buyango,
Kagera,Misenyi,Bwanjai,
Kagera,Misenyi,Gera,
Kagera,Misenyi,Ishozi,
Kagera,Misenyi,Ishunju,
Kagera,Misenyi,Kakunyu,
Kagera,Misenyi,Kanyigo,
Kagera,Misenyi,Kashenye,
Kagera,Misenyi,Kassambya,
Kagera,Misenyi,Kilimilire,
Kagera,Misenyi,Kitobo,
Kagera,Misenyi,Kyaka,
Kagera,Misenyi,Minziro,
Kagera,Misenyi,Nsunga,
Kagera,Misenyi,Ruzinga,
Kagera,Muleba,Biirabo,
Kagera,Muleba,Buganguzi,
Kagera,Muleba,Bulyakashaju,
Kagera,Muleba,Bureza,
Kagera,Muleba,Burungura,
Kagera,Muleba,Ijumbi,
Kagera,Muleba,Ikondo,
Kagera,Muleba,Izigo,
Kagera,Muleba,Kagoma,
Kagera,Muleba,Kamachumu,
Kagera,Muleba,Karambi,
Kagera,Muleba,Kasharunga,
Kagera,Muleba,Kashasha,
Kagera,Muleba,Kibanga,
Kagera,Muleba,Kibirizi,
Kagera,Muleba,Kimwani,
Kagera,Muleba,Kishanda,
Kagera,Muleba,Kyebitembe,
Kagera,Muleba,Magata/Karutanga,
Kagera,Muleba,Manyondwe,
Kagera,Muleba,Mubunda,
Kagera,Muleba,Muhutwe,
Kagera,Muleba,Muleba,
Kagera,Muleba,Ngenge,
Kagera,Muleba,Nshamba,
Kagera,Muleba,Ruhanga,
Kagera,Muleba,Rushwa,
Kagera,Ngara,Bugarama,
Kagera,Ngara,Bukiriro,
Kagera,Ngara,Kabanga,
Kagera,Ngara,Kanazi,
Kagera,Ngara,Keza,
Kagera,Ngara,Kibimba,
Kagera,Ngara,Kirushya,
Kagera,Ngara,Mabawe,
Kagera,Ngara,Muganza,
Kagera,Ngara,Mugoma,
Kagera,Ngara,Murusagamba,
Kagera,Ngara,Ngara Urban,
Kagera,Ngara,Ntobeye,
Kagera,Ngara,Nyakisasa,
Kagera,Ngara,Nyamiyaga,
Kagera,Ngara,Rulenge,
Kagera,Ngara,Rusumo,
Kigoma,Kasulu,Buhigwe,1078.1818181818182
Kigoma,Kasulu,Buhoro,426.8421052631579
Kigoma,Kasulu,Heru- Ushingo,1721.142857142857
Kigoma,Kasulu,Janda,446.546875
Kigoma,Kasulu,Kagera Nkanda,1294.6153846153845
Kigoma,Kasulu,Kigondo,373.67857142857144
Kigoma,Kasulu,Kilelema,670.25
Kigoma,Kasulu,Kitagata,718.2777777777778
Kigoma,Kasulu,Kitanga,3388.0
Kigoma,Kasulu,Msambara,538.05
Kigoma,Kasulu,Muhinda,691.0722891566265
Kigoma,Kasulu,Muhunga,506.9
Kigoma,Kasulu,Munyegera,530.9540229885057
Kigoma,Kasulu,Munzenze,504.3488372093023
Kigoma,Kasulu,Murufiti,629.6744186046511
Kigoma,Kasulu,Muyama,807.3333333333334
Kigoma,Kasulu,Muzye,568.0952380952381
Kigoma,Kasulu,Nyakitonto,592.92
Kigoma,Kasulu,Nyamidaho,1966.3333333333333
Kigoma,Kasulu,Nyamnyusi,971.6578947368421
Kigoma,Kasulu,Ruhita,604.1891891891892
Kigoma,Kasulu,Rungwe Mpya,721.8311688311688
Kigoma,Kasulu,Rusaba,476.6666666666667
Kigoma,Kasulu,Rusesa,776.7142857142857
Kigoma,Kasulu,Titye,537.1739130434783
Kigoma,Kibondo,Bunyambo,213.05555555555554
Kigoma,Kibondo,Busagara,344.12280701754383
Kigoma,Kibondo,Gwanumpu,355.4313725490196
Kigoma,Kibondo,Itaba,335.9183673469388
Kigoma,Kibondo,Kakonko,370.8222222222222
Kigoma,Kibondo,Kasanda,348.8666666666667
Kigoma,Kibondo,Kasuga,474.2857142857143
Kigoma,Kibondo,Kazazi,387.63157894736844
Kigoma,Kibondo,Kibondo Urban,456.90909090909093
Kigoma,Kibondo,Kitahana,384.8837209302326
Kigoma,Kibondo,Kumsenga,309.42857142857144
Kigoma,Kibondo,Mabamba,328.5964912280702
Kigoma,Kibondo,Misezero,317.3333333333333
Kigoma,Kibondo,Mugunzu,391.09375
Kigoma,Kibondo,Muhange,397.1794871794872
Kigoma,Kibondo,Murungu,401.07142857142856
Kigoma,Kibondo,Nyabibuye,287.3333333333333
Kigoma,Kibondo,Nyamtukuza,269.7142857142857
Kigoma,Kibondo,Rugenge,402.0
Kigoma,Kibondo,Rugongowe,281.6376811594203
Kigoma,Kigoma Rural,Bitale,210.22222222222223
Kigoma,Kigoma Rural,Ilagala,1154.888888888889
Kigoma,Kigoma Rural,Kagongo,329.05309734513276
Kigoma,Kigoma Rural,Kalinzi,333.9117647058824
Kigoma,Kigoma Rural,Kandaga,356.40425531914894
Kigoma,Kigoma Rural,Mahembe,382.41584158415844
Kigoma,Kigoma Rural,Matendo,401.6941176470588
Kigoma,Kigoma Rural,Mganza,1300.0
Kigoma,Kigoma Rural,Mkigo,402.74545454545455
Kigoma,Kigoma Rural,Mngonya,292.1111111111111
Kigoma,Kigoma Rural,Mtego wa Noti,469.22222222222223
Kigoma,Kigoma Rural,Mwamgongo,232.21428571428572
Kigoma,Kigoma Rural,Mwandiga,367.3170731707317
Kigoma,Kigoma Rural,Nguruka,2081.75
Kigoma,Kigoma Rural,Simbo,324.0595238095238
Kigoma,Kigoma Rural,Sunuka,468.3125
Kigoma,Kigoma Rural,Uvinza,468.2926829268293
Kigoma,Kigoma Urban,Bangwe,1755.125
Kigoma,Kigoma Urban,Buhanda businde,
Kigoma,Kigoma Urban,Gungu,4939.5
Kigoma,Kigoma Urban,Kasimbu,1420.0
Kigoma,Kigoma Urban,Kasingirima,1450.0
Kigoma,Kigoma Urban,Kitongoni,418.6666666666667
Kigoma,Kigoma Urban,Machinjioni,1860.0
Kigoma,Kigoma Urban,Majengo,1526.6666666666667
Kigoma,Kigoma Urban,Mwanga Kaskazini,6300.0
Kigoma,Kigoma Urban,Rubuga,1335.0
Kigoma,Kigoma Urban,Rusimbi,3200.0
Kilimanjaro,Hai,Hai Urban,130.93103448275863
Kilimanjaro,Hai,Machame Kaskazini,74.17647058823529
Kilimanjaro,Hai,Machame Kusini,163.69565217391303
Kilimanjaro,Hai,Machame Magharibi,81.66666666666667
Kilimanjaro,Hai,Machame Mashariki,36.88135593220339
Kilimanjaro,Hai,Machame Uroki,67.51315789473684
Kilimanjaro,Hai,Masama Kusini,59.86046511627907
Kilimanjaro,Hai,Masama Magharibi,51.3448275862069
Kilimanjaro,Hai,Masama Mashariki,71.41121495327103
Kilimanjaro,Hai,Masama Rundugai,1346.162162162162
Kilimanjaro,Moshi Rural,Arusha Chini,111.47368421052632
Kilimanjaro,Moshi Rural,Kahe,162.13114754098362
Kilimanjaro,Moshi Rural,Kahe Mashariki,145.02564102564102
Kilimanjaro,Moshi Rural,Kibosho Kati,15.555555555555555
Kilimanjaro,Moshi Rural,Kibosho Magharibi,26.48780487804878
Kilimanjaro,Moshi Rural,Kibosho Mashariki,49.0
Kilimanjaro,Moshi Rural,Kilema  Kati,25.727272727272727
Kilimanjaro,Moshi Rural,Kilema Kusini,245.4047619047619
Kilimanjaro,Moshi Rural,Kilema kaskazini,25.05263157894737
Kilimanjaro,Moshi Rural,Kimochi,46.50961538461539
Kilimanjaro,Moshi Rural,Kindi,32.4468085106383
Kilimanjaro,Moshi Rural,Kirima,11.473684210526315
Kilimanjaro,Moshi Rural,Kirua Vunjo Kusini,27.010204081632654
Kilimanjaro,Moshi Rural,Kirua Vunjo Magharibi,49.23076923076923
Kilimanjaro,Moshi Rural,Kurua Vunjo Mashariki,21.21818181818182
Kilimanjaro,Moshi Rural,Mabogini,1.0
Kilimanjaro,Moshi Rural,Makuyuni,1.0
Kilimanjaro,Moshi Rural,Mamba Kaskazini,26.12
Kilimanjaro,Moshi Rural,Mamba Kusini,31.29268292682927
Kilimanjaro,Moshi Rural,Marangu Magharibi,12.0
Kilimanjaro,Moshi Rural,Marangu Mashariki,12.647058823529411
Kilimanjaro,Moshi Rural,Mbokomu,44.53125
Kilimanjaro,Moshi Rural,Mwika Kaskazini,1.0
Kilimanjaro,Moshi Rural,Mwika Kusini,1.0
Kilimanjaro,Moshi Rural,Okoani Kibosho,12.121212121212121
Kilimanjaro,Moshi Rural,Old Moshi Magharibi,65.28571428571429
Kilimanjaro,Moshi Rural,Old Moshi Mashariki,63.54545454545455
Kilimanjaro,Moshi Rural,Uru Kaskazini,14.733333333333333
Kilimanjaro,Moshi Rural,Uru Kusini Mawela,163.13953488372093
Kilimanjaro,Moshi Rural,Uru Mashariki,60.8421052631579
Kilimanjaro,Moshi Rural,Uru Shimbwe,86.83333333333333
Kilimanjaro,Moshi Urban,Bondeni,1.0
Kilimanjaro,Moshi Urban,Karanga,11.142857142857142
Kilimanjaro,Moshi Urban,Kiboriloni,25.6
Kilimanjaro,Moshi Urban,Kiusa,1.0
Kilimanjaro,Moshi Urban,Korongoni,1.0
Kilimanjaro,Moshi Urban,Longuo,62.857142857142854
Kilimanjaro,Moshi Urban,Majengo,12.0
Kilimanjaro,Moshi Urban,Mawenzi,1.0
Kilimanjaro,Moshi Urban,Mji Mpya,3.142857142857143
Kilimanjaro,Moshi Urban,Msaranga,24.11111111111111
Kilimanjaro,Moshi Urban,Njoro,10.285714285714286
Kilimanjaro,Moshi Urban,Pasua,30.533333333333335
Kilimanjaro,Moshi Urban,Rau,29.2
Kilimanjaro,Mwanga,Chomvu,114.72727272727273
Kilimanjaro,Mwanga,Jipe,250.3913043478261
Kilimanjaro,Mwanga,Kifula,169.28571428571428
Kilimanjaro,Mwanga,Kighare,40.027027027027025
Kilimanjaro,Mwanga,Kileo,540.3636363636364
Kilimanjaro,Mwanga,Kilomeni,76.7
Kilimanjaro,Mwanga,Kirongwe,73.37288135593221
Kilimanjaro,Mwanga,Kirya,417.0
Kilimanjaro,Mwanga,Kwakoa,278.33898305084745
Kilimanjaro,Mwanga,Lake Jipe,653.8461538461538
Kilimanjaro,Mwanga,Lembeni,95.67368421052632
Kilimanjaro,Mwanga,Msangeni,232.5
Kilimanjaro,Mwanga,Mwanga Urban,1325.0
Kilimanjaro,Mwanga,Mwaniko,254.69565217391303
Kilimanjaro,Mwanga,Ngujini,62.6
Kilimanjaro,Mwanga,Shinghatini,67.22641509433963
Kilimanjaro,Rombo,Katangara Mrere,62.13636363636363
Kilimanjaro,Rombo,Kelamfua Mokala,1.0
Kilimanjaro,Rombo,Keni  Alleni,1.0
Kilimanjaro,Rombo,Keni Mengeni,1.0
Kilimanjaro,Rombo,Kirongo Samanga,19.75
Kilimanjaro,Rombo,Kirwa Keni,19.771428571428572
Kilimanjaro,Rombo,Kisale Msangara,1.0
Kilimanjaro,Rombo,Kitirima Kingachi,61.083333333333336
Kilimanjaro,Rombo,Mahida Holili,1.0
Kilimanjaro,Rombo,Makiidi,1.0
Kilimanjaro,Rombo,Mamsera,1.5
Kilimanjaro,Rombo,Mengwe Manda,1.0
Kilimanjaro,Rombo,Motamburu Kitendani,1.0
Kilimanjaro,Rombo,Nanjara Reha,21.083333333333332
Kilimanjaro,Rombo,Olele,1.0
Kilimanjaro,Rombo,Shimbi,1.0
Kilimanjaro,Rombo,Tarekea Motamburu,1.0
Kilimanjaro,Rombo,Ubetu Kahe,16.170731707317074
Kilimanjaro,Rombo,Ushiri Ikuini,1.4375
Kilimanjaro,Same,Bendera,221.91176470588235
Kilimanjaro,Same,Bombo,162.88888888888889
Kilimanjaro,Same,Bwambo,176.21428571428572
Kilimanjaro,Same,Chome,188.1818181818182
Kilimanjaro,Same,Hedaru,164.0
Kilimanjaro,Same,Kihurio,179.83783783783784
Kilimanjaro,Same,Kirangare,144.54347826086956
Kilimanjaro,Same,Kisiwani,144.7
Kilimanjaro,Same,Makanya,143.48
Kilimanjaro,Same,Maore,169.5909090909091
Kilimanjaro,Same,Mhezi,170.0
Kilimanjaro,Same,Mnyamba,141.86363636363637
Kilimanjaro,Same,Mpinji,305.6
Kilimanjaro,Same,Mshewa,114.53333333333333
Kilimanjaro,Same,Msindo,201.78947368421052
Kilimanjaro,Same,Mtii,197.15
Kilimanjaro,Same,Mwembe,355.4259259259259
Kilimanjaro,Same,Ndungu,246.80555555555554
Kilimanjaro,Same,Njoro,298.780487804878
Kilimanjaro,Same,Ruvu,362.4761904761905
Kilimanjaro,Same,Same Urban,337.2
Kilimanjaro,Same,Suji,183.45238095238096
Kilimanjaro,Same,Vudee,172.0
Kilimanjaro,Same,Vuje,203.19230769230768
Kilimanjaro,Same,Vunta,222.89655172413794
Kilimanjaro,Siha,Siha Kaskazini,1.0
Kilimanjaro,Siha,Siha Kati,1.0
Kilimanjaro,Siha,Siha Magharibi,1.0
Kilimanjaro,Siha,Siha Mashariki,1.0
Lindi,Kilwa,Chumo,313.56410256410254
Lindi,Kilwa,Kandawale,388.6666666666667
Lindi,Kilwa,Kikole,358.2307692307692
Lindi,Kilwa,Kinjumbi,308.3658536585366
Lindi,Kilwa,Kipatimu,312.9574468085106
Lindi,Kilwa,Kiranjeranje,416.5925925925926
Lindi,Kilwa,Kivinje Singino,342.4761904761905
Lindi,Kilwa,Lihimalyo,650.3
Lindi,Kilwa,Likawage,310.94736842105266
Lindi,Kilwa,Mandawa,282.5
Lindi,Kilwa,Masoko,288.88235294117646
Lindi,Kilwa,Miguruwe,257.6666666666667
Lindi,Kilwa,Mingumbi,284.52
Lindi,Kilwa,Miteja,322.04545454545456
Lindi,Kilwa,Mitole,540.0
Lindi,Kilwa,Nanjirinji,400.42857142857144
Lindi,Kilwa,Njinjo,332.2857142857143
Lindi,Kilwa,Pande,430.5833333333333
Lindi,Kilwa,Songosongo,191.53846153846155
Lindi,Kilwa,Tingi,342.14285714285717
Lindi,Lindi Rural,Chikonji,504.1666666666667
Lindi,Lindi Rural,Chiponda,16.4
Lindi,Lindi Rural,Kilolambwani,1.0
Lindi,Lindi Rural,Kitomanga,62.22222222222222
Lindi,Lindi Rural,Kiwalala,288.55
Lindi,Lindi Rural,Manwanga,986.0
Lindi,Lindi Rural,Matimba,209.8181818181818
Lindi,Lindi Rural,Mbanja,209.0909090909091
Lindi,Lindi Rural,Mchinga,126.63636363636364
Lindi,Lindi Rural,Milola,142.64285714285714
Lindi,Lindi Rural,Mipingo,242.23076923076923
Lindi,Lindi Rural,Mnara,899.0
Lindi,Lindi Rural,Mngoyo,998.0
Lindi,Lindi Rural,Mnolela,1.0
Lindi,Lindi Rural,Mtama,224.8409090909091
Lindi,Lindi Rural,Mtua,282.0
Lindi,Lindi Rural,Nachunyu,137.75
Lindi,Lindi Rural,Nahukahuka,254.71428571428572
Lindi,Lindi Rural,Nangaru,87.5
Lindi,Lindi Rural,Ng'apa,303.75
Lindi,Lindi Rural,Ngangamara,239.5
Lindi,Lindi Rural,Nyangao,122.04761904761905
Lindi,Lindi Rural,Nyengedi,236.85714285714286
Lindi,Lindi Rural,Rutamba,124.66666666666667
Lindi,Lindi Rural,Sudi,390.0
Lindi,Lindi Rural,Tandangongoro,316.0
Lindi,Lindi Urban,Jamhuri,740.0666666666667
Lindi,Lindi Urban,Mtanda,410.0
Lindi,Lindi Urban,Rasbura,1000.0
Lindi,Liwale,Barikiwa,290.90909090909093
Lindi,Liwale,Kiangara,330.0
Lindi,Liwale,Kibutuka,278.6
Lindi,Liwale,Kimambi,300.0
Lindi,Liwale,Liwale A,554.1666666666666
Lindi,Liwale,Liwale B,349.90909090909093
Lindi,Liwale,Makata,265.38461538461536
Lindi,Liwale,Mangirikiti,353.0
Lindi,Liwale,Mbaya,300.0
Lindi,Liwale,Mihumo,319.2307692307692
Lindi,Liwale,Mirui,300.0
Lindi,Liwale,Mkutano,250.0
Lindi,Liwale,Mlembwe,350.0
Lindi,Liwale,Mpigamiti,316.6666666666667
Lindi,Liwale,Nangano,176.66666666666666
Lindi,Liwale,Ngongowele,337.5
Lindi,Nachingwea,Chiola,388.3333333333333
Lindi,Nachingwea,Kiegei,202.14285714285714
Lindi,Nachingwea,Kilima Rondo,188.2
Lindi,Nachingwea,Kipara Mnero,335.9230769230769
Lindi,Nachingwea,Lionja,572.5238095238095
Lindi,Nachingwea,Marambo,176.9047619047619
Lindi,Nachingwea,Matekwe,240.85714285714286
Lindi,Nachingwea,Mbondo,518.6111111111111
Lindi,Nachingwea,Mkoka,886.0
Lindi,Nachingwea,Mkotokuyana,284.7
Lindi,Nachingwea,Mnero Miembeni,312.0357142857143
Lindi,Nachingwea,Mnero Ngongo,282.11764705882354
Lindi,Nachingwea,Mpiruka,407.25
Lindi,Nachingwea,Mtua,336.8666666666667
Lindi,Nachingwea,Naipanga,392.85714285714283
Lindi,Nachingwea,Naipingo,418.3636363636364
Lindi,Nachingwea,Namapwia,295.0
Lindi,Nachingwea,Namatula,413.1666666666667
Lindi,Nachingwea,Nambambo,447.54545454545456
Lindi,Nachingwea,Namikango,263.45
Lindi,Nachingwea,Nangowe,304.6666666666667
Lindi,Nachingwea,Nditi,515.8
Lindi,Nachingwea,Ndomoni,322.5
Lindi,Nachingwea,Ruponda,208.1818181818182
Lindi,Nachingwea,Stesheni,482.0
Lindi,Ruangwa,Chienjere,478.6875
Lindi,Ruangwa,Chunyu,830.8
Lindi,Ruangwa,Likunja,575.5238095238095
Lindi,Ruangwa,Luchelegwa,753.2962962962963
Lindi,Ruangwa,Makanjiro,528.3
Lindi,Ruangwa,Malolo,415.95652173913044
Lindi,Ruangwa,Mandarawe,334.77777777777777
Lindi,Ruangwa,Mandawa,556.6451612903226
Lindi,Ruangwa,Mbekenyera,1236.5384615384614
Lindi,Ruangwa,Mnacho,285.32142857142856
Lindi,Ruangwa,Nambilanje,772.0
Lindi,Ruangwa,Namichinga,1202.6666666666667
Lindi,Ruangwa,Narungombe,276.85
Lindi,Ruangwa,Nkowe,352.05882352941177
Lindi,Ruangwa,Ruangwa,583.4666666666667
Manyara,Babati,Arri,585.5263157894736
Manyara,Babati,Bashinet,272.8421052631579
Manyara,Babati,Bonga,310.90909090909093
Manyara,Babati,Dabil,217.61702127659575
Manyara,Babati,Dareda,281.53846153846155
Manyara,Babati,Duru,309.3333333333333
Manyara,Babati,Gidas,487.05263157894734
Manyara,Babati,Madunga,244.29166666666666
Manyara,Babati,Magara,228.6315789473684
Manyara,Babati,Magugu,261.475
Manyara,Babati,Mamire,155.2173913043478
Manyara,Babati,Mwada,254.0
Manyara,Babati,Nkaiti,210.5
Manyara,Babati,Qash,691.4615384615385
Manyara,Babati,Riroda,373.1111111111111
Manyara,Babati,Sigino,240.0
Manyara,Babati,Ufana,542.4642857142857
Manyara,Hanang,Balangidalalu,626.1052631578947
Manyara,Hanang,Bassodesh,323.0
Manyara,Hanang,Bassotu,316.0
Manyara,Hanang,Endasak,361.3030303030303
Manyara,Hanang,Gehandu,370.42857142857144
Manyara,Hanang,Gendabi,345.82608695652175
Manyara,Hanang,Gidahababieg,559.5
Manyara,Hanang,Gisambalang,1642.5
Manyara,Hanang,Gitting,142.5
Manyara,Hanang,Hidet,363.3333333333333
Manyara,Hanang,Hirbadaw,1037.4285714285713
Manyara,Hanang,Laghanga,1050.0
Manyara,Hanang,Masakta,236.9375
Manyara,Hanang,Masqaroda,453.5625
Manyara,Hanang,Measkron,366.27272727272725
Manyara,Hanang,Mogitu,478.2888888888889
Manyara,Hanang,Nangwa,401.7
Manyara,Hanang,Simbay,2000.0
Manyara,Hanang,Sirop,394.6
Manyara,Kiteto,Bwagamoyo,325.45454545454544
Manyara,Kiteto,Dongo,22.357142857142858
Manyara,Kiteto,Dosidosi,871.2222222222222
Manyara,Kiteto,Engusero,619.375
Manyara,Kiteto,Kibaya,319.85714285714283
Manyara,Kiteto,Kijungu,429.0
Manyara,Kiteto,Lengatei,181.34782608695653
Manyara,Kiteto,Makame,1636.0714285714287
Manyara,Kiteto,Matui,425.5
Manyara,Kiteto,Ndedo,202.85714285714286
Manyara,Kiteto,Njoro,490.14285714285717
Manyara,Kiteto,Olbolot,86.57142857142857
Manyara,Kiteto,Partimbo,707.3333333333334
Manyara,Kiteto,Songambele,950.8888888888889
Manyara,Kiteto,Sunya,55.833333333333336
Manyara,Mbulu,Bargish,264.27777777777777
Manyara,Mbulu,Bashay,206.16
Manyara,Mbulu,Daudi,297.6111111111111
Manyara,Mbulu,Dongobesh,80.6829268292683
Manyara,Mbulu,Gehandu,268.22222222222223
Manyara,Mbulu,Haidom,176.7
Manyara,Mbulu,Kainam,279.0
Manyara,Mbulu,Maghang,273.0416666666667
Manyara,Mbulu,Maretadu,234.62857142857143
Manyara,Mbulu,Masieda,166.0
Manyara,Mbulu,Mbulu Urban,175.14285714285714
Manyara,Mbulu,Murray,441.0
Manyara,Mbulu,Sanu,217.06896551724137
Manyara,Mbulu,Tlawi,295.95
Manyara,Mbulu,Tumati,191.92857142857142
Manyara,Mbulu,Yaeda Chini,185.71428571428572
Manyara,Simanjiro,Loibor Siret,226.09803921568627
Manyara,Simanjiro,Loibor Soit,244.44444444444446
Manyara,Simanjiro,Mererani,211.32075471698113
Manyara,Simanjiro,Msitu wa Tembo,193.8181818181818
Manyara,Simanjiro,Naberera,302.94117647058823
Manyara,Simanjiro,Ngorika,285.0
Manyara,Simanjiro,Oljoro,225.0
Manyara,Simanjiro,Orkesumet,225.0
Manyara,Simanjiro,Ruvu Remit,466.6666666666667
Manyara,Simanjiro,Shambarai,200.0
Manyara,Simanjiro,Terrat,177.5
Mara,Bunda,Bunda,347.56666666666666
Mara,Bunda,Butimba,553.9285714285714
Mara,Bunda,Hunyari,424.32
Mara,Bunda,Igundu,661.9230769230769
Mara,Bunda,Iramba,250.0
Mara,Bunda,Kabasa,631.6388888888889
Mara,Bunda,Kibara,534.7826086956521
Mara,Bunda,Kisorya,356.1904761904762
Mara,Bunda,Mcharo,315.95238095238096
Mara,Bunda,Nansimo,460.14285714285717
Mara,Bunda,Neruma,334.84444444444443
Mara,Bunda,Nyamhula,878.2222222222222
Mara,Bunda,Nyamuswa,323.89230769230767
Mara,Bunda,Salama,400.0
Mara,Bunda,Sazira,297.72727272727275
Mara,Bunda,Wariku,443.84615384615387
Mara,Musoma Rural,Bugwema,596.4
Mara,Musoma Rural,Buhemba,297.9166666666667
Mara,Musoma Rural,Bukabwa,342.2857142857143
Mara,Musoma Rural,Bukima,217.42857142857142
Mara,Musoma Rural,Bukumi,350.0
Mara,Musoma Rural,Buruma,282.05882352941177
Mara,Musoma Rural,Buswahili,299.90909090909093
Mara,Musoma Rural,Butiama,315.5151515151515
Mara,Musoma Rural,Butuguri,314.8333333333333
Mara,Musoma Rural,Bwasi,222.28571428571428
Mara,Musoma Rural,Bwiregi,407.2121212121212
Mara,Musoma Rural,Etaro,335.1764705882353
Mara,Musoma Rural,Kukirango,360.53846153846155
Mara,Musoma Rural,Kyanyari,320.14285714285717
Mara,Musoma Rural,Makojo,285.2
Mara,Musoma Rural,Masaba,306.3478260869565
Mara,Musoma Rural,Mugango,238.125
Mara,Musoma Rural,Murangi,392.6666666666667
Mara,Musoma Rural,Muriaza,333.03846153846155
Mara,Musoma Rural,Nyakatende,260.7692307692308
Mara,Musoma Rural,Nyambono,308.8235294117647
Mara,Musoma Rural,Nyamimange,314.875
Mara,Musoma Rural,Nyamrandirira,945.1111111111111
Mara,Musoma Rural,Nyankanga,300.11764705882354
Mara,Musoma Rural,Suguti,325.0
Mara,Musoma Rural,Tegeruka,258.0
Mara,Rorya,Bukwe,3200.0
Mara,Rorya,Kigunga,1435.75
Mara,Rorya,Kirongo,560.0
Mara,Rorya,Kisumwa,752.0
Mara,Rorya,Kitembe,3725.0
Mara,Rorya,Komuge,491.0769230769231
Mara,Rorya,Koryo,619.8235294117648
Mara,Rorya,Kyang'ombe,300.95454545454544
Mara,Rorya,Mirare,1110.1818181818182
Mara,Rorya,Mkoma,352.5
Mara,Rorya,Nyahongo,1266.1666666666667
Mara,Rorya,Nyamagaro,336.3636363636364
Mara,Rorya,Nyamtinga,560.0
Mara,Rorya,Nyamunga,1450.0
Mara,Rorya,Nyathorogo,353.2
Mara,Rorya,Rabuor,1063.3333333333333
Mara,Serengeti,Busawe,368.75
Mara,Serengeti,Ikoma,471.0
Mara,Serengeti,Issenye,357.5217391304348
Mara,Serengeti,Kebanchabancha,635.0487804878048
Mara,Serengeti,Kenyamonta,205.67816091954023
Mara,Serengeti,Kisaka,1000.047619047619
Mara,Serengeti,Kisangura,972.5869565217391
Mara,Serengeti,Kyambahi,487.2413793103448
Mara,Serengeti,Machochwe,1462.0
Mara,Serengeti,Manchira,851.1111111111111
Mara,Serengeti,Mugumu Urban,798.453125
Mara,Serengeti,Natta,305.16901408450707
Mara,Serengeti,Nyamatare,797.9622641509434
Mara,Serengeti,Nyambureti,965.9411764705883
Mara,Serengeti,Nyamoko,650.8125
Mara,Serengeti,Rigicha,444.0689655172414
Mara,Serengeti,Ring'wani,584.3428571428572
Mara,Serengeti,Rung'bure,650.578947368421
Mara,Tarime,Binagi,196.45238095238096
Mara,Tarime,Bukura,1180.0
Mara,Tarime,Bumera,33.333333333333336
Mara,Tarime,Goribe,374.6666666666667
Mara,Tarime,Ikoma,600.0
Mara,Tarime,Kemambo,1000.0
Mara,Tarime,Kibasuka,958.3333333333334
Mara,Tarime,Manga,278.3333333333333
Mara,Tarime,Matongo,1744.5555555555557
Mara,Tarime,Muriba,308.3333333333333
Mara,Tarime,Nyakonga,341.6666666666667
Mara,Tarime,Nyamwaga,793.75
Mara,Tarime,Nyandoto,735.7142857142857
Mara,Tarime,Nyanungu,575.0
Mara,Tarime,Nyarero,1350.0
Mara,Tarime,Nyarokoba,925.0
Mara,Tarime,Pemba,533.5
Mara,Tarime,Roche,1300.0
Mara,Tarime,Serengeti National Park,780.0
Mara,Tarime,Sirari,2075.6666666666665
Mara,Tarime,Tai,418.9130434782609
Mara,Tarime,Turwa,278.625
Mbeya,Chunya,Chalangwa,
Mbeya,Chunya,Chokaa,
Mbeya,Chunya,Galula,
Mbeya,Chunya,Gua,
Mbeya,Chunya,Ifumbo,
Mbeya,Chunya,Itewe,
Mbeya,Chunya,Kambikatoto,
Mbeya,Chunya,Kanga,
Mbeya,Chunya,Kapalala,
Mbeya,Chunya,Lupa tingatinga,
Mbeya,Chunya,Luwalaje,
Mbeya,Chunya,Mafyeko,
Mbeya,Chunya,Makongorosi,
Mbeya,Chunya,Mamba,
Mbeya,Chunya,Matwiga,
Mbeya,Chunya,Mbangala,
Mbeya,Chunya,Mbugani,
Mbeya,Chunya,Mbuyuni,
Mbeya,Chunya,Mkwajuni,
Mbeya,Chunya,Mtanila,
Mbeya,Chunya,Ngwala,
Mbeya,Ileje,Bupigu,
Mbeya,Ileje,Chitete,
Mbeya,Ileje,Ikinga,
Mbeya,Ileje,Isongole,
Mbeya,Ileje,Itumba,
Mbeya,Ileje,Kafule,
Mbeya,Ileje,Luswisi,
Mbeya,Ileje,Malangali,
Mbeya,Ileje,Mbebe,
Mbeya,Ileje,Ndola,
Mbeya,Kyela,Bujonde,
Mbeya,Kyela,Busole,
Mbeya,Kyela,Ikama,
Mbeya,Kyela,Ikolo,
Mbeya,Kyela,Ipande,
Mbeya,Kyela,Ipinda,
Mbeya,Kyela,Kajunjumele,
Mbeya,Kyela,Katumbasongwe,
Mbeya,Kyela,Kyela Urban,
Mbeya,Kyela,Lusungo,
Mbeya,Kyela,Makwale,
Mbeya,Kyela,Matema,
Mbeya,Kyela,Mwaya,
Mbeya,Kyela,Ngana,
Mbeya,Kyela,Ngonga,
Mbeya,Mbarali,Chimala,
Mbeya,Mbarali,Igurusi,
Mbeya,Mbarali,Madibira,
Mbeya,Mbarali,Mahongole,
Mbeya,Mbarali,Mapogoro,
Mbeya,Mbarali,Mawindi,
Mbeya,Mbarali,Ruiwa,
Mbeya,Mbarali,Rujewa,
Mbeya,Mbarali,Ubaruku,
Mbeya,Mbarali,Utengule Usangu,
Mbeya,Mbeya Rural,Bonde la Songwe,
Mbeya,Mbeya Rural,Igale,
Mbeya,Mbeya Rural,Ihango,
Mbeya,Mbeya Rural,Ijombe,
Mbeya,Mbeya Rural,Ilembo,
Mbeya,Mbeya Rural,Ilungu,
Mbeya,Mbeya Rural,Inyala,
Mbeya,Mbeya Rural,Isuto,
Mbeya,Mbeya Rural,Iwiji,
Mbeya,Mbeya Rural,Iwindi,
Mbeya,Mbeya Rural,Iyunga mapinduzi,
Mbeya,Mbeya Rural,Mshewe,
Mbeya,Mbeya Rural,Santilya,
Mbeya,Mbeya Rural,Tembela,
Mbeya,Mbeya Rural,Ulenje,
Mbeya,Mbeya Rural,Utengule Usongwe,
Mbeya,Mbozi,Chilulumo,
Mbeya,Mbozi,Chiwezi,
Mbeya,Mbozi,Halungu,
Mbeya,Mbozi,Igamba,
Mbeya,Mbozi,Ihanda,
Mbeya,Mbozi,Isandula,
Mbeya,Mbozi,Isansa,
Mbeya,Mbozi,Itaka,
Mbeya,Mbozi,Ivuna,
Mbeya,Mbozi,Iyula,
Mbeya,Mbozi,Kamsamba,
Mbeya,Mbozi,Kapele,
Mbeya,Mbozi,Mlangali,
Mbeya,Mbozi,Mlowo,
Mbeya,Mbozi,Msangano,
Mbeya,Mbozi,Msia,
Mbeya,Mbozi,Myovizi,
Mbeya,Mbozi,Myunga,
Mbeya,Mbozi,Nambinzo,
Mbeya,Mbozi,Ndalambo,
Mbeya,Mbozi,Nkangamo,
Mbeya,Mbozi,Nyimbili,
Mbeya,Mbozi,Ruanda,
Mbeya,Mbozi,Tunduma,
Mbeya,Rungwe,Ikuti,
Mbeya,Rungwe,Ilima,
Mbeya,Rungwe,Isange,
Mbeya,Rungwe,Isongole,
Mbeya,Rungwe,Itete,
Mbeya,Rungwe,Kabula,
Mbeya,Rungwe,Kambasegese,
Mbeya,Rungwe,Kandete,
Mbeya,Rungwe,Katumba,
Mbeya,Rungwe,Kinyala,
Mbeya,Rungwe,Kisegese,
Mbeya,Rungwe,Kisondela,
Mbeya,Rungwe,Kiwira,
Mbeya,Rungwe,Kyimo,
Mbeya,Rungwe,Lufilyo,
Mbeya,Rungwe,Lufingo,
Mbeya,Rungwe,Lupata,
Mbeya,Rungwe,Lutebe,
Mbeya,Rungwe,Lwangwa,
Mbeya,Rungwe,Masukulu,
Mbeya,Rungwe,Mpondo,
Mbeya,Rungwe,Mpuguso,
Mbeya,Rungwe,Suma,
Morogoro,Kilombero,Chisano,356.3333333333333
Morogoro,Kilombero,Chita,505.80645161290323
Morogoro,Kilombero,Idete,350.73333333333335
Morogoro,Kilombero,Ifakara,475.35820895522386
Morogoro,Kilombero,Kibaoni,407.30337078651684
Morogoro,Kilombero,Kiberege,526.45
Morogoro,Kilombero,Kidatu,277.5
Morogoro,Kilombero,Kisawasawa,295.7352941176471
Morogoro,Kilombero,Lumemo,359.97752808988764
Morogoro,Kilombero,Mang'ula,309.53846153846155
Morogoro,Kilombero,Masagati,199.28571428571428
Morogoro,Kilombero,Mbingu,729.6153846153846
Morogoro,Kilombero,Mchombe,379.60869565217394
Morogoro,Kilombero,Mkula,193.84615384615384
Morogoro,Kilombero,Mlimba,246.81428571428572
Morogoro,Kilombero,Mofu,284.5238095238095
Morogoro,Kilombero,Sanje,168.08620689655172
Morogoro,Kilombero,Uchindile,100.0
Morogoro,Kilombero,Utengule,313.8095238095238
Morogoro,Kilosa,Berega,477.0571428571429
Morogoro,Kilosa,Chakwale,286.0
Morogoro,Kilosa,Chanzuru,218.5
Morogoro,Kilosa,Dumila,630.45
Morogoro,Kilosa,Gairo,195.5
Morogoro,Kilosa,Iyogwe,831.2
Morogoro,Kilosa,Kibedya,188.42105263157896
Morogoro,Kilosa,Kidete,491.3888888888889
Morogoro,Kilosa,Kidodi,116.41772151898734
Morogoro,Kilosa,Kilangali,244.36363636363637
Morogoro,Kilosa,Kimamba A,132.57142857142858
Morogoro,Kilosa,Kimamba B,157.07407407407408
Morogoro,Kilosa,Kisanga,120.51666666666667
Morogoro,Kilosa,Lumbiji,300.14285714285717
Morogoro,Kilosa,Lumuma,419.45
Morogoro,Kilosa,Mabwerebwere,202.35294117647058
Morogoro,Kilosa,Magole,715.4333333333333
Morogoro,Kilosa,Magubike,626.3714285714286
Morogoro,Kilosa,Malolo,155.66666666666666
Morogoro,Kilosa,Mamboya,385.28125
Morogoro,Kilosa,Masanze,516.8181818181819
Morogoro,Kilosa,Mikumi,278.3720930232558
Morogoro,Kilosa,Msowero,618.2307692307693
Morogoro,Kilosa,Rubeho,226.83018867924528
Morogoro,Kilosa,Rudewa,216.06666666666666
Morogoro,Kilosa,Ruhembe,187.02105263157895
Morogoro,Kilosa,Ulaya,195.85714285714286
Morogoro,Kilosa,Zombo,166.52
Morogoro,Morogoro Rural,Bwakila Chini,482.1515151515151
Morogoro,Morogoro Rural,Bwakila Juu,322.0
Morogoro,Morogoro Rural,Kidugalo,265.75
Morogoro,Morogoro Rural,Kinole,131.23076923076923
Morogoro,Morogoro Rural,Kiroka,242.0
Morogoro,Morogoro Rural,Kisaki,835.8928571428571
Morogoro,Morogoro Rural,Kisemu,231.44827586206895
Morogoro,Morogoro Rural,Kolero,211.9047619047619
Morogoro,Morogoro Rural,Lundi,467.25
Morogoro,Morogoro Rural,Mkambalani,176.2962962962963
Morogoro,Morogoro Rural,Mkulazi,364.44444444444446
Morogoro,Morogoro Rural,Mkuyuni,292.2564102564103
Morogoro,Morogoro Rural,Mngazi,363.7037037037037
Morogoro,Morogoro Rural,Mtombozi,253.52941176470588
Morogoro,Morogoro Rural,Mvuha,431.4736842105263
Morogoro,Morogoro Rural,Ngerengere,336.5
Morogoro,Morogoro Rural,Selambala,338.69565217391306
Morogoro,Morogoro Rural,Tawa,60.7
Morogoro,Morogoro Rural,Tununguo,410.3333333333333
Morogoro,Morogoro Urban,Bigwa,285.0
Morogoro,Morogoro Urban,Boma,135.0
Morogoro,Morogoro Urban,Kihonda,273.04347826086956
Morogoro,Morogoro Urban,Kilakala,248.33333333333334
Morogoro,Morogoro Urban,Kingolwira,281.6666666666667
Morogoro,Morogoro Urban,Mazimbu,291.6666666666667
Morogoro,Morogoro Urban,Mbuyuni,121.33333333333333
Morogoro,Morogoro Urban,Mlimani,135.0
Morogoro,Morogoro Urban,Mwembesongo,245.0
Morogoro,Morogoro Urban,Mzinga,189.85
Morogoro,Morogoro Urban,Uwanja wa Ndege,400.0
Morogoro,Mvomero,Bunduki,33.666666666666664
Morogoro,Mvomero,Diongoya,109.22330097087378
Morogoro,Mvomero,Doma,117.7872340425532
Morogoro,Mvomero,Hembeti,41.84285714285714
Morogoro,Mvomero,Kanga,41.19607843137255
Morogoro,Mvomero,Kibati,21.458333333333332
Morogoro,Mvomero,Langali,58.25
Morogoro,Mvomero,Maskati,470.0
Morogoro,Mvomero,Melela,130.58536585365854
Morogoro,Mvomero,Mhonda,184.54545454545453
Morogoro,Mvomero,Mlali,50.755102040816325
Morogoro,Mvomero,Mtibwa,49.054054054054056
Morogoro,Mvomero,Mvomero,34.286821705426355
Morogoro,Mvomero,Mzumbe,30.5
Morogoro,Mvomero,Sungaji,116.0
Morogoro,Mvomero,Tchenzema,128.71428571428572
Morogoro,Ulanga,Biro,358.9375
Morogoro,Ulanga,Chirombola,234.3846153846154
Morogoro,Ulanga,Euga,314.5882352941176
Morogoro,Ulanga,Ilonga,299.75
Morogoro,Ulanga,Iragua,196.425
Morogoro,Ulanga,Isongo,186.1304347826087
Morogoro,Ulanga,Itete,252.14583333333334
Morogoro,Ulanga,Kichangani,228.1764705882353
Morogoro,Ulanga,Kilosa Mpepo,115.96428571428571
Morogoro,Ulanga,Lukande,153.84615384615384
Morogoro,Ulanga,Lupiro,228.51282051282053
Morogoro,Ulanga,Malinyi,292.47222222222223
Morogoro,Ulanga,Mbuga,280.3181818181818
Morogoro,Ulanga,Minepa,339.3157894736842
Morogoro,Ulanga,Msogezi,243.55555555555554
Morogoro,Ulanga,Mtimbira,183.98214285714286
Morogoro,Ulanga,Mwaya,183.57692307692307
Morogoro,Ulanga,Ngoheranga,221.55555555555554
Morogoro,Ulanga,Ruaha,276.7037037037037
Morogoro,Ulanga,Sali,201.11111111111111
Morogoro,Ulanga,Sofi,106.05263157894737
Morogoro,Ulanga,Usangule,210.02272727272728
Morogoro,Ulanga,Vigoi,251.95454545454547
Mtwara,Masasi,Chigungu,6.964285714285714
Mtwara,Masasi,Chiugutwa,14.534883720930232
Mtwara,Masasi,Lipumburu,4.933333333333334
Mtwara,Masasi,Lukulendi,588.140350877193
Mtwara,Masasi,Lulindi,68.22413793103448
Mtwara,Masasi,Mbuyuni,20.74074074074074
Mtwara,Masasi,Mchauru,30.375
Mtwara,Masasi,Mkululu,1.0
Mtwara,Masasi,Mkundi,1.0
Mtwara,Masasi,Mnavira,30.61904761904762
Mtwara,Masasi,Mpindimbi,1.0
Mtwara,Masasi,Mwena,34.191489361702125
Mtwara,Masasi,Namajani,22.84375
Mtwara,Masasi,Namalenga,23.548387096774192
Mtwara,Masasi,Namatutwe,71.66666666666667
Mtwara,Masasi,Nanganga,13.217391304347826
Mtwara,Masasi,Nanjota,52.45454545454545
Mtwara,Masasi,Sindano,15.4
Mtwara,Mtwara Rural,Chawi,390.0
Mtwara,Mtwara Rural,Dihimba,325.2857142857143
Mtwara,Mtwara Rural,Kiromba,498.1578947368421
Mtwara,Mtwara Rural,Kitaya,595.4545454545455
Mtwara,Mtwara Rural,Kitere,339.1470588235294
Mtwara,Mtwara Rural,Madimba,1228.5714285714287
Mtwara,Mtwara Rural,Mahurunga,967.9487179487179
Mtwara,Mtwara Rural,Mayanga,266.969696969697
Mtwara,Mtwara Rural,Mnima,504.46666666666664
Mtwara,Mtwara Rural,Mtiniko,435.90909090909093
Mtwara,Mtwara Rural,Namtuhuka,751.2916666666666
Mtwara,Mtwara Rural,Nanguruwe,392.38461538461536
Mtwara,Mtwara Rural,Nanyamba,808.3333333333334
Mtwara,Mtwara Rural,Naumbu,290.0
Mtwara,Mtwara Rural,Ndumbwe,250.0
Mtwara,Mtwara Rural,Nitekela,305.85714285714283
Mtwara,Mtwara Rural,Njengwa,301.9230769230769
Mtwara,Mtwara Rural,Ziwani,726.5625
Mtwara,Mtwara Urban,Chikongola,639.2
Mtwara,Mtwara Urban,Chuno,310.0
Mtwara,Mtwara Urban,Jangwani,452.7857142857143
Mtwara,Mtwara Urban,Likombe,352.77777777777777
Mtwara,Mtwara Urban,Magengeni,215.0
Mtwara,Mtwara Urban,Majengo,553.0
Mtwara,Mtwara Urban,Mitengo,187.125
Mtwara,Mtwara Urban,Mtonya,287.25
Mtwara,Mtwara Urban,Railway,167.0
Mtwara,Mtwara Urban,Shangani,592.5
Mtwara,Mtwara Urban,Ufukoni,374.64864864864865
Mtwara,Mtwara Urban,Vigaeni,493.2857142857143
Mtwara,Nanyumbu,Chipuputa,74.625
Mtwara,Nanyumbu,Lemasule,73.375
Mtwara,Nanyumbu,Likokona,68.9090909090909
Mtwara,Nanyumbu,Makonona,100.61538461538461
Mtwara,Nanyumbu,Maratani,74.6
Mtwara,Nanyumbu,Masuguru,52.18181818181818
Mtwara,Nanyumbu,Mikangaula,99.81818181818181
Mtwara,Nanyumbu,Nandete,49.63636363636363
Mtwara,Nanyumbu,Nangomba,74.55555555555556
Mtwara,Nanyumbu,Nanyumbu,83.40625
Mtwara,Nanyumbu,Napacho,59.8
Mtwara,Nanyumbu,Sengenya,70.7
Mtwara,Newala,Chilangala,493.06666666666666
Mtwara,Newala,Chitekete,451.5
Mtwara,Newala,Chiwonga,228.63636363636363
Mtwara,Newala,Kitangari,322.23809523809524
Mtwara,Newala,Luchingu,981.5
Mtwara,Newala,Makote,476.0
Mtwara,Newala,Makukwe,270.5
Mtwara,Newala,Malatu,372.64285714285717
Mtwara,Newala,Maputi,363.45454545454544
Mtwara,Newala,Mchemo,385.3529411764706
Mtwara,Newala,Mcholi II,333.6666666666667
Mtwara,Newala,Mkunya,571.4166666666666
Mtwara,Newala,Mkwedu,829.1666666666666
Mtwara,Newala,Mnekachi,344.0
Mtwara,Newala,Mnyambe,378.8888888888889
Mtwara,Newala,Mpotwa,343.1
Mtwara,Newala,Namiyonga,618.5714285714286
Mtwara,Newala,Nanguruwe,474.5
Mtwara,Tandahimba,Chaume,300.1818181818182
Mtwara,Tandahimba,Chingungwe,116.46153846153847
Mtwara,Tandahimba,Kitama,257.27272727272725
Mtwara,Tandahimba,Luagala,220.5
Mtwara,Tandahimba,Lukokoda,234.7
Mtwara,Tandahimba,Lyenje,231.13333333333333
Mtwara,Tandahimba,Mahuta,225.0
Mtwara,Tandahimba,Maundo,57.27272727272727
Mtwara,Tandahimba,Mdimba Mnyoma,23.05263157894737
Mtwara,Tandahimba,Michenjele,192.76923076923077
Mtwara,Tandahimba,Mihambwe,42.583333333333336
Mtwara,Tandahimba,Milogodi,234.84615384615384
Mtwara,Tandahimba,Mkonjowano,326.2857142857143
Mtwara,Tandahimba,Mkoreha,66.4375
Mtwara,Tandahimba,Mkundi,154.0
Mtwara,Tandahimba,Mkwiti,700.0
Mtwara,Tandahimba,Mnyawa,86.15384615384616
Mtwara,Tandahimba,Namikupa,325.25
Mtwara,Tandahimba,Nanhyanga,269.77777777777777
Mtwara,Tandahimba,Naputa,296.2
Mtwara,Tandahimba,Tandahimba,236.66666666666666
Mwanza,Geita,Bukoli,
Mwanza,Geita,Bukondo,
Mwanza,Geita,Bukwimba,
Mwanza,Geita,Busanda,
Mwanza,Geita,Busolwa,
Mwanza,Geita,Chigunga,
Mwanza,Geita,Ihanamilo,
Mwanza,Geita,Kafita,
Mwanza,Geita,Kagu,
Mwanza,Geita,Kakora,
Mwanza,Geita,Kalangalala,
Mwanza,Geita,Kamena,
Mwanza,Geita,Kamhanga,
Mwanza,Geita,Kasamwa,
Mwanza,Geita,Kaseme,
Mwanza,Geita,Katoro,
Mwanza,Geita,Kharumwa,
Mwanza,Geita,Lubanga,
Mwanza,Geita,Lwamgasa,
Mwanza,Geita,Mtakuja,
Mwanza,Geita,Mwingiro,
Mwanza,Geita,Nkome,
Mwanza,Geita,Nyachiluluma,
Mwanza,Geita,Nyakagomba,
Mwanza,Geita,Nyakamwaga,
Mwanza,Geita,Nyamalimbe,
Mwanza,Geita,Nyang'hwale,
Mwanza,Geita,Nyugwa,
Mwanza,Geita,Nzera,
Mwanza,Geita,Senga,
Mwanza,Geita,Shabaka,
Mwanza,Ilemela,Bugogwe,
Mwanza,Ilemela,Buhongwa,
Mwanza,Ilemela,Buswelu,356.3636363636364
Mwanza,Ilemela,Butimba,
Mwanza,Ilemela,Ilemela,1230.6666666666667
Mwanza,Ilemela,Mkolani,
Mwanza,Ilemela,Nyakato,
Mwanza,Ilemela,Pasiansi,
Mwanza,Ilemela,Sangabuye,
Mwanza,Kwimba,Bungulwa,
Mwanza,Kwimba,Bupamwa,
Mwanza,Kwimba,Fukalo,
Mwanza,Kwimba,Hungumalwa,
Mwanza,Kwimba,Igongwa,
Mwanza,Kwimba,Iseni,
Mwanza,Kwimba,Kikubiji,
Mwanza,Kwimba,Lyoma,
Mwanza,Kwimba,Maligisu,
Mwanza,Kwimba,Malya,
Mwanza,Kwimba,Mantare,
Mwanza,Kwimba,Mhande,
Mwanza,Kwimba,Mwabomba,
Mwanza,Kwimba,Mwagi,
Mwanza,Kwimba,Mwakilyambiti,
Mwanza,Kwimba,Mwamala,
Mwanza,Kwimba,Mwandu,
Mwanza,Kwimba,Mwang'halanga,
Mwanza,Kwimba,Ng'hundi,
Mwanza,Kwimba,Ngudu,
Mwanza,Kwimba,Ngulla,
Mwanza,Kwimba,Nyambiti,
Mwanza,Kwimba,Nyamilama,
Mwanza,Kwimba,Sumve,
Mwanza,Kwimba,Wala,
Mwanza,Magu,Badugu,
Mwanza,Magu,Bujashi,
Mwanza,Magu,Igalukilo,
Mwanza,Magu,Kabita,
Mwanza,Magu,Kahangara,
Mwanza,Magu,Kalemela,
Mwanza,Magu,Kiloleli,
Mwanza,Magu,Kisesa,
Mwanza,Magu,Kitongo Sima,
Mwanza,Magu,Kongolo,
Mwanza,Magu,Lubugo,
Mwanza,Magu,Lutale,
Mwanza,Magu,Magu Urban,
Mwanza,Magu,Malili,
Mwanza,Magu,Mkula,
Mwanza,Magu,Mwamabanza,
Mwanza,Magu,Mwamanga,
Mwanza,Magu,Mwananyili,
Mwanza,Magu,Ng'haya,
Mwanza,Magu,Ngasamo,
Mwanza,Magu,Nkungulu,
Mwanza,Magu,Nyaluhande,
Mwanza,Magu,Nyanguge,
Mwanza,Magu,Nyigogo,
Mwanza,Magu,Shigala,
Mwanza,Magu,Shishani,
Mwanza,Magu,Sukuma,
Mwanza,Missungwi,Buhingo,
Mwanza,Missungwi,Busongo,
Mwanza,Missungwi,Idetemya,
Mwanza,Missungwi,Ilujamate,
Mwanza,Missungwi,Kanyelele,
Mwanza,Missungwi,Kasololo,
Mwanza,Missungwi,Kijima,
Mwanza,Missungwi,Koromije,
Mwanza,Missungwi,Lubiri,
Mwanza,Missungwi,Mbarika,
Mwanza,Missungwi,Misasi,
Mwanza,Missungwi,Missungwi,
Mwanza,Missungwi,Mwaniko,
Mwanza,Missungwi,Nhundulu,
Mwanza,Missungwi,Shilalo,
Mwanza,Missungwi,Sumbugu,
Mwanza,Missungwi,Ukiriguru,
Mwanza,Missungwi,Usagara,
Mwanza,Nyamagana,Igogo,
Mwanza,Sengerema,Bupandwamhela,
Mwanza,Sengerema,Busisi,
Mwanza,Sengerema,Buyagu,
Mwanza,Sengerema,Buzilasoga,
Mwanza,Sengerema,Chifunfu,
Mwanza,Sengerema,Igalula,
Mwanza,Sengerema,Kafunzo,
Mwanza,Sengerema,Kagunga,
Mwanza,Sengerema,Kalebezo,
Mwanza,Sengerema,Kasungamile,
Mwanza,Sengerema,Katunguru,
Mwanza,Sengerema,Katwe,
Mwanza,Sengerema,Kazunzu,
Mwanza,Sengerema,Lugata,
Mwanza,Sengerema,Nyakalilo,
Mwanza,Sengerema,Nyakasasa,
Mwanza,Sengerema,Nyakasungwa,
Mwanza,Sengerema,Nyamatongo,
Mwanza,Sengerema,Nyanzenda,
Mwanza,Sengerema,Nyehunge,
Mwanza,Sengerema,Sima,
Mwanza,Sengerema,Tabaruka,
Mwanza,Ukerewe,Bukanda,476.1904761904762
Mwanza,Ukerewe,Bukiko,880.0
Mwanza,Ukerewe,Bukindo,555.1
Mwanza,Ukerewe,Bukongo,781.8888888888889
Mwanza,Ukerewe,Bwiro,355.07142857142856
Mwanza,Ukerewe,Bwisya,666.9565217391304
Mwanza,Ukerewe,Igalla,488.2352941176471
Mwanza,Ukerewe,Ilangala,441.37931034482756
Mwanza,Ukerewe,Karenge,419.2
Mwanza,Ukerewe,Mukituntu,491.6904761904762
Mwanza,Ukerewe,Muriti,606.1935483870968
Mwanza,Ukerewe,Murutunguru,679.078947368421
Mwanza,Ukerewe,Nakatuguru,475.4
Mwanza,Ukerewe,Namagondo,455.1
Mwanza,Ukerewe,Namilembe,414.81481481481484
Mwanza,Ukerewe,Nduruma,570.8333333333334
Mwanza,Ukerewe,Ngoma,483.5
Mwanza,Ukerewe,Nkilizya,441.25
Pwani,Bagamoyo,Chalinze,134.08673469387756
Pwani,Bagamoyo,Dunda,252.0
Pwani,Bagamoyo,Kibindu,366.48
Pwani,Bagamoyo,Kiromo,101.80357142857143
Pwani,Bagamoyo,Kiwangwa,551.8421052631579
Pwani,Bagamoyo,Lugoba,175.55263157894737
Pwani,Bagamoyo,Magomeni,180.11851851851853
Pwani,Bagamoyo,Mbwewe,311.93055555555554
Pwani,Bagamoyo,Miono,201.975
Pwani,Bagamoyo,Mkange,2204.6153846153848
Pwani,Bagamoyo,Msata,101.65753424657534
Pwani,Bagamoyo,Talawanda,540.2
Pwani,Bagamoyo,Ubenazamozi,598.875
Pwani,Bagamoyo,Vigwaza,360.46153846153845
Pwani,Bagamoyo,Yombo,52.60377358490566
Pwani,Bagamoyo,Zinga/Ikerege,90.64539007092199
Pwani,Kibaha,Kibaha,1.0
Pwani,Kibaha,Kwala,388.9166666666667
Pwani,Kibaha,Magindu,1719.5
Pwani,Kibaha,Mailimoja,707.5294117647059
Pwani,Kibaha,Mlandizi,1593.6363636363637
Pwani,Kibaha,Ruvu,104.11111111111111
Pwani,Kibaha,Soga,80.68932038834951
Pwani,Kibaha,Tumbi,74.12
Pwani,Kibaha,Visiga,3.7674418604651163
Pwani,Kisarawe,Cholesamvula,1083.6666666666667
Pwani,Kisarawe,Kibuta,143.94117647058823
Pwani,Kisarawe,Kiluvya,258.3333333333333
Pwani,Kisarawe,Kisarawe,204.33333333333334
Pwani,Kisarawe,Kurui,125.75
Pwani,Kisarawe,Mafinzi,100.75
Pwani,Kisarawe,Maneromango,374.75
Pwani,Kisarawe,Marui,240.4
Pwani,Kisarawe,Marumbo,597.76
Pwani,Kisarawe,Masaki,495.2142857142857
Pwani,Kisarawe,Msanga,862.75
Pwani,Kisarawe,Msimbu,238.875
Pwani,Kisarawe,Mzenga,374.5853658536585
Pwani,Kisarawe,Vihingo,476.0
Pwani,Kisarawe,Vikumbulu,450.0
Pwani,Mafia,Baleni,196.5909090909091
Pwani,Mafia,Jibondo,2238.3333333333335
Pwani,Mafia,Kanga,276.8181818181818
Pwani,Mafia,Kiegeani,207.1818181818182
Pwani,Mafia,Kilindoni,135.14893617021278
Pwani,Mafia,Kirongwe,277.11764705882354
Pwani,Mafia,Mibulani,161.0
Pwani,Mkuranga,Bupu,435.0
Pwani,Mkuranga,Kimanzichana,1179.75
Pwani,Mkuranga,Kisiju,393.85
Pwani,Mkuranga,Kitomondo,358.5
Pwani,Mkuranga,Lukanga,439.85714285714283
Pwani,Mkuranga,Magawa,605.5555555555555
Pwani,Mkuranga,Mbezi,205.02857142857144
Pwani,Mkuranga,Mkamba,616.5151515151515
Pwani,Mkuranga,Mkuranga,689.1851851851852
Pwani,Mkuranga,Mwalusembe,1143.7058823529412
Pwani,Mkuranga,Nyamato,1774.32
Pwani,Mkuranga,Panzuo,254.66666666666666
Pwani,Mkuranga,Shungubweni,178.57142857142858
Pwani,Mkuranga,Tambani,285.0
Pwani,Mkuranga,Vikindu,1715.6172839506173
Pwani,Rufiji,Bungu,232.24590163934425
Pwani,Rufiji,Chumbi,1.0
Pwani,Rufiji,Ikwiriri,646.0
Pwani,Rufiji,Kibiti,19.610169491525422
Pwani,Rufiji,Mahege,132.1891891891892
Pwani,Rufiji,Mbwara,1.0
Pwani,Rufiji,Mchukwi,200.23076923076923
Pwani,Rufiji,Mkongo,16.829268292682926
Pwani,Rufiji,Mwaseni,1.0
Pwani,Rufiji,Ngorongo,68.66666666666667
Pwani,Rufiji,Ruaruke,31.733333333333334
Pwani,Rufiji,Salale,14.75
Pwani,Rufiji,Umwe,1.0
Pwani,Rufiji,Utete,24.28125
Rukwa,Mpanda,Ikola,296.82758620689657
Rukwa,Mpanda,Ilela,196.94117647058823
Rukwa,Mpanda,Ilembo,370.25
Rukwa,Mpanda,Ilunde,180.75
Rukwa,Mpanda,Inyonga,244.16666666666666
Rukwa,Mpanda,Kabungu,520.5833333333334
Rukwa,Mpanda,Karema,357.25
Rukwa,Mpanda,Kashaulili,1927.6363636363637
Rukwa,Mpanda,Kasokola,241.54545454545453
Rukwa,Mpanda,Katuma,780.0
Rukwa,Mpanda,Katumba,397.3191489361702
Rukwa,Mpanda,Kawajense,287.0
Rukwa,Mpanda,Kibaoni,278.22222222222223
Rukwa,Mpanda,Machimboni,500.5
Rukwa,Mpanda,Magamba,139.72727272727272
Rukwa,Mpanda,Mamba,948.6129032258065
Rukwa,Mpanda,Mbede,1652.25
Rukwa,Mpanda,Mishamo,121.04433497536945
Rukwa,Mpanda,Misunkumilo,655.0
Rukwa,Mpanda,Mpanda Ndogo,605.5333333333333
Rukwa,Mpanda,Mtapenda,443.63157894736844
Rukwa,Mpanda,Mwese,284.0
Rukwa,Mpanda,Nsemulwa,750.0
Rukwa,Mpanda,Nsimbo,273.17857142857144
Rukwa,Mpanda,Shanwe,869.0
Rukwa,Mpanda,Sitalike,220.6153846153846
Rukwa,Mpanda,Ugala,1308.0
Rukwa,Mpanda,Urwira,261.1
Rukwa,Mpanda,Usevya,1367.0
Rukwa,Mpanda,Utende,226.3125
Rukwa,Nkasi,Chala,150.95384615384614
Rukwa,Nkasi,Isale,75.06451612903226
Rukwa,Nkasi,Kabwe,78.8780487804878
Rukwa,Nkasi,Kala,559.7272727272727
Rukwa,Nkasi,Kate,235.01923076923077
Rukwa,Nkasi,Kipande,158.44827586206895
Rukwa,Nkasi,Kirando,155.775
Rukwa,Nkasi,Mkwamba,423.53846153846155
Rukwa,Nkasi,Mtenga,172.07142857142858
Rukwa,Nkasi,Namanyere,127.765625
Rukwa,Nkasi,Sintali,295.05555555555554
Rukwa,Nkasi,Wampelembe,1.0
Rukwa,Sumbawanga Rural,Kalambazite,436.8421052631579
Rukwa,Sumbawanga Rural,Kasanga,477.0
Rukwa,Sumbawanga Rural,Katazi,674.1875
Rukwa,Sumbawanga Rural,Kipeta,371.25
Rukwa,Sumbawanga Rural,Laela,228.39285714285714
Rukwa,Sumbawanga Rural,Legezamwendo,217.38095238095238
Rukwa,Sumbawanga Rural,Mambwekenya,390.4
Rukwa,Sumbawanga Rural,Mambwenkoswe,178.1818181818182
Rukwa,Sumbawanga Rural,Matai,271.0416666666667
Rukwa,Sumbawanga Rural,Miangalua,165.26315789473685
Rukwa,Sumbawanga Rural,Milepa,256.25
Rukwa,Sumbawanga Rural,Mkowe,169.21875
Rukwa,Sumbawanga Rural,Mpui,422.85
Rukwa,Sumbawanga Rural,Msanzi,123.55102040816327
Rukwa,Sumbawanga Rural,Mtowisa,279.44444444444446
Rukwa,Sumbawanga Rural,Muze,468.7857142857143
Rukwa,Sumbawanga Rural,Mwazye,378.1818181818182
Rukwa,Sumbawanga Rural,Mwimbi,435.9
Rukwa,Sumbawanga Rural,Sandulula,388.14814814814815
Rukwa,Sumbawanga Rural,Sopa,210.25925925925927
Rukwa,Sumbawanga Urban,Izia,
Rukwa,Sumbawanga Urban,Kasense,1011.4285714285714
Rukwa,Sumbawanga Urban,Katandala,4057.75
Rukwa,Sumbawanga Urban,Malangali,1414.0
Rukwa,Sumbawanga Urban,Matanga,570.8461538461538
Rukwa,Sumbawanga Urban,Mazwi,2184.25
Rukwa,Sumbawanga Urban,Milanzi,915.3846153846154
Rukwa,Sumbawanga Urban,Mollo,1110.0714285714287
Rukwa,Sumbawanga Urban,Ntendo,899.0909090909091
Rukwa,Sumbawanga Urban,Old Sumbawanga,2787.3333333333335
Rukwa,Sumbawanga Urban,Pito,1261.4761904761904
Rukwa,Sumbawanga Urban,Senga,748.7333333333333
Ruvuma,Mbinga,Chiwanda,78.26086956521739
Ruvuma,Mbinga,Kigonsera,60.27777777777778
Ruvuma,Mbinga,Kihagara,101.34782608695652
Ruvuma,Mbinga,Kihangimahuka,60.0
Ruvuma,Mbinga,Kilimani,136.5
Ruvuma,Mbinga,Kilosa,118.21428571428571
Ruvuma,Mbinga,Kingerikiti,228.0
Ruvuma,Mbinga,Kitura,119.25
Ruvuma,Mbinga,Langiro,106.83333333333333
Ruvuma,Mbinga,Linda,120.0
Ruvuma,Mbinga,Lipingo,81.21739130434783
Ruvuma,Mbinga,Litembo,44.2
Ruvuma,Mbinga,Lituhi,96.77777777777777
Ruvuma,Mbinga,Litumbandyosi,103.2
Ruvuma,Mbinga,Liuli,109.38181818181818
Ruvuma,Mbinga,Maguu,30.0
Ruvuma,Mbinga,Matiri,62.10526315789474
Ruvuma,Mbinga,Mbaha,1.0
Ruvuma,Mbinga,Mbamba bay,69.3103448275862
Ruvuma,Mbinga,Mbangamao,160.42857142857142
Ruvuma,Mbinga,Mbinga Urban,135.71698113207546
Ruvuma,Mbinga,Mbuji,41.5
Ruvuma,Mbinga,Mikalanga,92.0
Ruvuma,Mbinga,Mkumbi,456.0
Ruvuma,Mbinga,Mpapa,72.96
Ruvuma,Mbinga,Mpepai,106.25
Ruvuma,Mbinga,Mtipwili,96.25
Ruvuma,Mbinga,Myangayanga,73.04761904761905
Ruvuma,Mbinga,Ndogosi,100.75862068965517
Ruvuma,Mbinga,Ngima,81.77777777777777
Ruvuma,Mbinga,Nyoni,24.736842105263158
Ruvuma,Mbinga,Ruanda,94.46666666666667
Ruvuma,Mbinga,Tingi,197.54166666666666
Ruvuma,Mbinga,Ukata,30.0
Ruvuma,Mbinga,Utiri,87.0
Ruvuma,Namtumbo,Kitanda,449.9183673469388
Ruvuma,Namtumbo,Ligera,261.1904761904762
Ruvuma,Namtumbo,Luchili,478.56
Ruvuma,Namtumbo,Luegu,233.6891891891892
Ruvuma,Namtumbo,Lusewa,383.77358490566036
Ruvuma,Namtumbo,Magazini,480.3703703703704
Ruvuma,Namtumbo,Mgombasi,382.0181818181818
Ruvuma,Namtumbo,Mkongo,328.40909090909093
Ruvuma,Namtumbo,Msindo,299.0659340659341
Ruvuma,Namtumbo,Namabengo,278.1818181818182
Ruvuma,Namtumbo,Rwinga,397.3333333333333
Ruvuma,Songea Rural,Gumbiro,690.0
Ruvuma,Songea Rural,Ifinga,1500.0
Ruvuma,Songea Rural,Kilagano,511.9230769230769
Ruvuma,Songea Rural,Lilambo,382.24
Ruvuma,Songea Rural,Litisha,413.8888888888889
Ruvuma,Songea Rural,Magagura,431.94871794871796
Ruvuma,Songea Rural,Mahanje,994.1764705882352
Ruvuma,Songea Rural,Maposeni,977.84
Ruvuma,Songea Rural,Matimira,545.6111111111111
Ruvuma,Songea Rural,Mpitimbi,421.8484848484849
Ruvuma,Songea Rural,Muhukuru,315.625
Ruvuma,Songea Rural,Ndogosi,263.72727272727275
Ruvuma,Songea Rural,Tanga,580.0625
Ruvuma,Songea Rural,Wino,427.5
Ruvuma,Songea Urban,Bombambili,6800.0
Ruvuma,Songea Urban,Lizaboni,933.6666666666666
Ruvuma,Songea Urban,Matarawe,3800.0
Ruvuma,Songea Urban,Matogoro,857.4285714285714
Ruvuma,Songea Urban,Mfaranyaki,800.5
Ruvuma,Songea Urban,Mletele,756.2
Ruvuma,Songea Urban,Mshangano,4625.25
Ruvuma,Songea Urban,Ruhuwiko,417.0
Ruvuma,Songea Urban,Ruvuma,7500.0
Ruvuma,Songea Urban,Subira,966.6666666666666
Ruvuma,Tunduru,Kalulu,21.058823529411764
Ruvuma,Tunduru,Kidodoma,1.0
Ruvuma,Tunduru,Ligoma,1.0
Ruvuma,Tunduru,Ligunga,1.0
Ruvuma,Tunduru,Lukumbule,1.0
Ruvuma,Tunduru,Marumba,1.0
Ruvuma,Tunduru,Matemanga,1.0
Ruvuma,Tunduru,Mbesa,1.0
Ruvuma,Tunduru,Mchesi,1.0
Ruvuma,Tunduru,Mchoteka,1.0
Ruvuma,Tunduru,Milingoti Magharibi,1.0
Ruvuma,Tunduru,Milingoti Mashariki,1.0
Ruvuma,Tunduru,Mindu,1.0
Ruvuma,Tunduru,Misechela,313.1875
Ruvuma,Tunduru,Mtina,1.0
Ruvuma,Tunduru,Muhuwesi,1.0
Ruvuma,Tunduru,Nakapanya,1.0
Ruvuma,Tunduru,Nalasi,1.0
Ruvuma,Tunduru,Namasakata,1.0
Ruvuma,Tunduru,Nampungu,1.0
Ruvuma,Tunduru,Namwinyu,1.0
Ruvuma,Tunduru,Nandembo,1.0
Ruvuma,Tunduru,Tuwemacho,62.81818181818182
Shinyanga,Bariadi,Bariadi,
Shinyanga,Bariadi,Bumera,
Shinyanga,Bariadi,Bunamhala,404.3333333333333
Shinyanga,Bariadi,Chinamili,
Shinyanga,Bariadi,Dutwa,
Shinyanga,Bariadi,Gamboshi,
Shinyanga,Bariadi,Ikungulyabashashi,
Shinyanga,Bariadi,Kasoli,
Shinyanga,Bariadi,Kinang'weli,
Shinyanga,Bariadi,Lagangabilili,462.9142857142857
Shinyanga,Bariadi,Lugulu,
Shinyanga,Bariadi,Mbita,
Shinyanga,Bariadi,Mhango,
Shinyanga,Bariadi,Mhunze,375.8358208955224
Shinyanga,Bariadi,Mwadobana,
Shinyanga,Bariadi,Mwamapalala,
Shinyanga,Bariadi,Mwaswale,
Shinyanga,Bariadi,Mwaubingi,
Shinyanga,Bariadi,Nkololo,
Shinyanga,Bariadi,Nkoma,480.32
Shinyanga,Bariadi,Nyakabindi,
Shinyanga,Bariadi,Sagata,
Shinyanga,Bariadi,Sakwe,
Shinyanga,Bariadi,Sapiwi,
Shinyanga,Bariadi,Somanda,
Shinyanga,Bariadi,Zagayu,
Shinyanga,Bukombe,Budakwa,
Shinyanga,Bukombe,Bukombe,
Shinyanga,Bukombe,Ikunguigazi,
Shinyanga,Bukombe,Ilolangulu,
Shinyanga,Bukombe,Iponya,
Shinyanga,Bukombe,Iyogela,
Shinyanga,Bukombe,Lugunga,
Shinyanga,Bukombe,Masumbwe,
Shinyanga,Bukombe,Mbogwe,
Shinyanga,Bukombe,Nyasato,
Shinyanga,Bukombe,Runzewe,
Shinyanga,Bukombe,Ushirika,
Shinyanga,Bukombe,Ushirombo,
Shinyanga,Bukombe,Uyovu,
Shinyanga,Kahama,Bugarama,
Shinyanga,Kahama,Bulige,
Shinyanga,Kahama,Bulungwa,
Shinyanga,Kahama,Busangi,
Shinyanga,Kahama,Chambo,
Shinyanga,Kahama,Chela,
Shinyanga,Kahama,Chona,
Shinyanga,Kahama,Idahina,
Shinyanga,Kahama,Igwamanoni,
Shinyanga,Kahama,Isagehe,
Shinyanga,Kahama,Isaka,
Shinyanga,Kahama,Jana,
Shinyanga,Kahama,Kahama Urban,
Shinyanga,Kahama,Kilago,
Shinyanga,Kahama,Kinaga,
Shinyanga,Kahama,Kinamapula,
Shinyanga,Kahama,Kisuke,
Shinyanga,Kahama,Lunguya,
Shinyanga,Kahama,Malunga,
Shinyanga,Kahama,Mhongolo,
Shinyanga,Kahama,Mpunze,
Shinyanga,Kahama,Mwendakulima,
Shinyanga,Kahama,Ngaya,
Shinyanga,Kahama,Ngongwa,
Shinyanga,Kahama,Ntobo,
Shinyanga,Kahama,Nyandekwa,
Shinyanga,Kahama,Segese,
Shinyanga,Kahama,Ukune,
Shinyanga,Kahama,Ulowa,
Shinyanga,Kahama,Ushetu,
Shinyanga,Kahama,Uyogo,
Shinyanga,Kahama,Zongomera,
Shinyanga,Kishapu,Bubiki,
Shinyanga,Kishapu,Bugoro,
Shinyanga,Kishapu,Bunambiu,
Shinyanga,Kishapu,Itilima,
Shinyanga,Kishapu,Kiloleli,
Shinyanga,Kishapu,Kishapu,
Shinyanga,Kishapu,Lagana,
Shinyanga,Kishapu,Masanga,
Shinyanga,Kishapu,Mondo,
Shinyanga,Kishapu,Mwadui Lohumbo,
Shinyanga,Kishapu,Mwakipoya,
Shinyanga,Kishapu,Mwamalasa,
Shinyanga,Kishapu,Mwamashele,
Shinyanga,Kishapu,Ngofila,
Shinyanga,Kishapu,Shagihilu,
Shinyanga,Kishapu,Songwa,
Shinyanga,Kishapu,Talaga,
Shinyanga,Kishapu,Uchunga,
Shinyanga,Kishapu,Ukenyenge,
Shinyanga,Maswa,Badi,
Shinyanga,Maswa,Buchambi,
Shinyanga,Maswa,Budekwa,
Shinyanga,Maswa,Busilili,
Shinyanga,Maswa,Dakama,
Shinyanga,Maswa,Ipililo,
Shinyanga,Maswa,Isanga,
Shinyanga,Maswa,Kadoto,
Shinyanga,Maswa,Kulimi,
Shinyanga,Maswa,Lalago,
Shinyanga,Maswa,Malampaka,
Shinyanga,Maswa,Masela,
Shinyanga,Maswa,Mpindo,
Shinyanga,Maswa,Ngulinguli,
Shinyanga,Maswa,Nyabubinza,
Shinyanga,Maswa,Nyalikungu,
Shinyanga,Maswa,Shishiyu,
Shinyanga,Maswa,Sukuma,
Shinyanga,Meatu,Bukundi,
Shinyanga,Meatu,Imalaseko,
Shinyanga,Meatu,Itinje,
Shinyanga,Meatu,Kisesa,
Shinyanga,Meatu,Lingeka,
Shinyanga,Meatu,Lubiga,
Shinyanga,Meatu,Mwabuma,
Shinyanga,Meatu,Mwabusalu,
Shinyanga,Meatu,Mwabuzo,
Shinyanga,Meatu,Mwamalole,
Shinyanga,Meatu,Mwamanongu,
Shinyanga,Meatu,Mwamishali,
Shinyanga,Meatu,Mwandoya,
Shinyanga,Meatu,Mwanhunzi,
Shinyanga,Meatu,Mwanjoro,
Shinyanga,Meatu,Ng'hoboko,
Shinyanga,Meatu,Nkoma,
Shinyanga,Meatu,Sakasaka,
Shinyanga,Shinyanga Rural,Didia,
Shinyanga,Shinyanga Rural,Ilola,
Shinyanga,Shinyanga Rural,Imesela,
Shinyanga,Shinyanga Rural,Iselamagazi,
Shinyanga,Shinyanga Rural,Itwangi,
Shinyanga,Shinyanga Rural,Lyabukande,
Shinyanga,Shinyanga Rural,Mwakitolyo,
Shinyanga,Shinyanga Rural,Mwamala,
Shinyanga,Shinyanga Rural,Mwantini,
Shinyanga,Shinyanga Rural,Pandagichiza,
Shinyanga,Shinyanga Rural,Salawe,
Shinyanga,Shinyanga Rural,Samuye,
Shinyanga,Shinyanga Rural,Solwa,
Shinyanga,Shinyanga Rural,Tinde,
Shinyanga,Shinyanga Rural,Usanda,
Shinyanga,Shinyanga Rural,Usule,
Shinyanga,Shinyanga Urban,Chibe,
Shinyanga,Shinyanga Urban,Ibadakuli,
Shinyanga,Shinyanga Urban,Kitangili,
Shinyanga,Shinyanga Urban,Kizumbi,
Shinyanga,Shinyanga Urban,Kolandoto,
Shinyanga,Shinyanga Urban,Mwamalili,
Shinyanga,Shinyanga Urban,Mwawaza,
Shinyanga,Shinyanga Urban,Ngokolo,
Singida,Iramba,Gumanga,401.09090909090907
Singida,Iramba,Ibaga,349.5238095238095
Singida,Iramba,Iguguno,339.4864864864865
Singida,Iramba,Ilunda,353.675
Singida,Iramba,Kaselya,387.3333333333333
Singida,Iramba,Kasiriri,238.5
Singida,Iramba,Kidaru,304.2
Singida,Iramba,Kinampanda,392.8181818181818
Singida,Iramba,Kinyagiri,339.2307692307692
Singida,Iramba,Kiomboi,289.0625
Singida,Iramba,Kyengege,309.3333333333333
Singida,Iramba,Mbelekese,324.2608695652174
Singida,Iramba,Mdago,375.0
Singida,Iramba,Mpambala,317.0
Singida,Iramba,Msingi,286.1818181818182
Singida,Iramba,Mtekente,309.5
Singida,Iramba,Mtoa,256.6875
Singida,Iramba,Mwanga,314.75
Singida,Iramba,Mwangaza,346.75
Singida,Iramba,Nduguti,242.6590909090909
Singida,Iramba,Nkinto,433.09090909090907
Singida,Iramba,Ntwike,302.5833333333333
Singida,Iramba,Shelui,350.19444444444446
Singida,Iramba,Tulya,307.0
Singida,Iramba,Ulemo,374.15384615384613
Singida,Iramba,Urughu,354.0
Singida,Manyoni,Aghondi,155.83333333333334
Singida,Manyoni,Chikola,510.2
Singida,Manyoni,Chikuyu,759.1818181818181
Singida,Manyoni,Heka Azimio,3650.0
Singida,Manyoni,Idodyandole,2250.0
Singida,Manyoni,Ipande,644.2857142857143
Singida,Manyoni,Isseke,450.0
Singida,Manyoni,Itigi,760.0
Singida,Manyoni,Kilimatinde,599.7428571428571
Singida,Manyoni,Kintinku,837.7777777777778
Singida,Manyoni,Majiri,304.61538461538464
Singida,Manyoni,Makanda,273.3333333333333
Singida,Manyoni,Makuru,615.3333333333334
Singida,Manyoni,Manyoni,721.2125
Singida,Manyoni,Maweni,654.2857142857143
Singida,Manyoni,Mgandu,915.5172413793103
Singida,Manyoni,Nkoko,1158.3333333333333
Singida,Manyoni,Rungwa,2033.3333333333333
Singida,Manyoni,Sanjaranda,954.0
Singida,Manyoni,Sanza,700.0
Singida,Manyoni,Sasajila,339.2631578947368
Singida,Singida Rural,Dung'unyi,49.035714285714285
Singida,Singida Rural,Ihanja,83.97014925373135
Singida,Singida Rural,Ikhawoda,31.153846153846153
Singida,Singida Rural,Ikungu,73.78333333333333
Singida,Singida Rural,Ilongero,64.46774193548387
Singida,Singida Rural,Irisya,149.06666666666666
Singida,Singida Rural,Issuwa,166.4814814814815
Singida,Singida Rural,Kinyeto,99.91304347826087
Singida,Singida Rural,Maghojea,60.93333333333333
Singida,Singida Rural,Makuro,160.74358974358975
Singida,Singida Rural,Mang'onyi,15.3125
Singida,Singida Rural,Merya,68.13157894736842
Singida,Singida Rural,Mgori,64.91176470588235
Singida,Singida Rural,Mgungira,261.7142857142857
Singida,Singida Rural,Minyughe,192.4
Singida,Singida Rural,Misughaa,43.15384615384615
Singida,Singida Rural,Msisi,236.45
Singida,Singida Rural,Mtinko,261.61764705882354
Singida,Singida Rural,Mudida,199.33333333333334
Singida,Singida Rural,Munga'a,97.421875
Singida,Singida Rural,Mwaru,73.0
Singida,Singida Rural,Naintiri,118.76190476190476
Singida,Singida Rural,Ngimu,256.4
Singida,Singida Rural,Ntuntu,84.47727272727273
Singida,Singida Rural,Puma,100.75
Singida,Singida Rural,Sepuko,90.0
Singida,Singida Rural,Siuyu,75.82692307692308
Singida,Singida Rural,Ughandi,98.88571428571429
Singida,Singida Urban,Mandewa,65.85714285714286
Singida,Singida Urban,Mtamaa,85.05263157894737
Singida,Singida Urban,Mtipa,67.2
Singida,Singida Urban,Mungumaji,66.5
Singida,Singida Urban,Mwankoko,63.34375
Singida,Singida Urban,Unyambwa,86.08695652173913
Singida,Singida Urban,Unyamikumbi,67.74285714285715
Tabora,Igunga,Bukoko,
Tabora,Igunga,Chabutwa,
Tabora,Igunga,Choma,
Tabora,Igunga,Igoweko,
Tabora,Igunga,Igunga,
Tabora,Igunga,Igurubi,
Tabora,Igunga,Isakamaliwa,
Tabora,Igunga,Itumba,
Tabora,Igunga,Itunduru,
Tabora,Igunga,Kining'inila,
Tabora,Igunga,Kinungu,
Tabora,Igunga,Mbutu,
Tabora,Igunga,Mwamashiga,
Tabora,Igunga,Mwashiku,
Tabora,Igunga,Mwisi,
Tabora,Igunga,Nanga,
Tabora,Igunga,Ndembezi,
Tabora,Igunga,Ngulu,
Tabora,Igunga,Nguvu Moja,
Tabora,Igunga,Nkinga,
Tabora,Igunga,Ntobo,
Tabora,Igunga,Nyandekwa,
Tabora,Igunga,Simbo,
Tabora,Igunga,Sungwisi,
Tabora,Igunga,Ziba,
Tabora,Nzega,Budushi,
Tabora,Nzega,Bukene,
Tabora,Nzega,Igusule,
Tabora,Nzega,Ijanija,
Tabora,Nzega,Ikindwa,
Tabora,Nzega,Isagenhe,
Tabora,Nzega,Isanzu,
Tabora,Nzega,Itilo,
Tabora,Nzega,Itobo,
Tabora,Nzega,Kahamanhalaga,
Tabora,Nzega,Karitu,
Tabora,Nzega,Kasela,
Tabora,Nzega,Lusu,
Tabora,Nzega,Magengati,
Tabora,Nzega,Mambali,
Tabora,Nzega,Mbogwe,
Tabora,Nzega,Miguwa,
Tabora,Nzega,Mihugi,
Tabora,Nzega,Mizibaziba,
Tabora,Nzega,Mlambo-Itobo,
Tabora,Nzega,Mogwa,
Tabora,Nzega,Mwakanshashala,
Tabora,Nzega,Mwamala,
Tabora,Nzega,Mwangoye,
Tabora,Nzega,Nata,
Tabora,Nzega,Ndala,
Tabora,Nzega,Nkiniziwa,
Tabora,Nzega,Nzega Urban,
Tabora,Nzega,Nzega ndogo,
Tabora,Nzega,Puge,
Tabora,Nzega,Semembela,
Tabora,Nzega,Shigamba,
Tabora,Nzega,Sigili,
Tabora,Nzega,Tongi,
Tabora,Nzega,Uduka,
Tabora,Nzega,Utwigu,
Tabora,Nzega,Wela,
Tabora,Sikonge,Chabutwa,
Tabora,Sikonge,Igigwa,
Tabora,Sikonge,Ipole,
Tabora,Sikonge,Kiloleli,
Tabora,Sikonge,Kiloli,
Tabora,Sikonge,Kipanga,
Tabora,Sikonge,Kipili,
Tabora,Sikonge,Kitunda,
Tabora,Sikonge,Pangale,
Tabora,Sikonge,Sikonge,
Tabora,Sikonge,Tutuo,
Tabora,Tabora Urban,Chemchem,
Tabora,Tabora Urban,Gongoni,
Tabora,Tabora Urban,Ipuli,
Tabora,Tabora Urban,Isevya,
Tabora,Tabora Urban,Itetemia,
Tabora,Tabora Urban,Itonjanda,
Tabora,Tabora Urban,Kakola,
Tabora,Tabora Urban,Kalunde,
Tabora,Tabora Urban,Kanyenye,
Tabora,Tabora Urban,Kiloleni,
Tabora,Tabora Urban,Kitete,
Tabora,Tabora Urban,Malolo,
Tabora,Tabora Urban,Mbugani,
Tabora,Tabora Urban,Misha,
Tabora,Tabora Urban,Ndevelwa,
Tabora,Tabora Urban,Ng'ambo,
Tabora,Tabora Urban,Tambukareli,
Tabora,Tabora Urban,Tumbi,
Tabora,Tabora Urban,Uyui,
Tabora,Urambo,Ichemba,
Tabora,Urambo,Igalala,
Tabora,Urambo,Igombe Mkulu,
Tabora,Urambo,Imalamakoye,
Tabora,Urambo,Itundu,
Tabora,Urambo,Kaliua,
Tabora,Urambo,Kanindo,
Tabora,Urambo,Kapilula,
Tabora,Urambo,Kashishi,
Tabora,Urambo,Kazaroho,
Tabora,Urambo,Kiloleni,
Tabora,Urambo,Milambo,
Tabora,Urambo,Muungano,
Tabora,Urambo,Mwongozo,
Tabora,Urambo,Songambele,
Tabora,Urambo,Ugunga,
Tabora,Urambo,Ukondamoyo,
Tabora,Urambo,Ukumbisiganga,
Tabora,Urambo,Urambo,
Tabora,Urambo,Ushokola,
Tabora,Urambo,Usinge,
Tabora,Urambo,Usisya,
Tabora,Urambo,Ussoke,
Tabora,Urambo,Uyowa,
Tabora,Urambo,Uyumbu,
Tabora,Urambo,Vumilia,
Tabora,Uyui,Bukumbi,
Tabora,Uyui,Goweko,
Tabora,Uyui,Ibiri,
Tabora,Uyui,Igalula,
Tabora,Uyui,Ikongolo,
Tabora,Uyui,Ilolangulu,
Tabora,Uyui,Isikizya,
Tabora,Uyui,Kizengi,
Tabora,Uyui,Loya,
Tabora,Uyui,Lutende,
Tabora,Uyui,Mabama,
Tabora,Uyui,Magiri,
Tabora,Uyui,Ndono,
Tabora,Uyui,Shitage,
Tabora,Uyui,Ufuluma,
Tabora,Uyui,Upuge,
Tabora,Uyui,Usagali,
Tanga,Handeni,Chanika,278.52941176470586
Tanga,Handeni,Kabuku,310.625
Tanga,Handeni,Kiva,617.2222222222222
Tanga,Handeni,Komkonga,190.0
Tanga,Handeni,Kwaluguru,897.2727272727273
Tanga,Handeni,Kwamatuku,163.57142857142858
Tanga,Handeni,Kwamkonje,588.8888888888889
Tanga,Handeni,Kwamsisi,320.625
Tanga,Handeni,Kwasunga,3100.0
Tanga,Handeni,Kwedizinga,681.1111111111111
Tanga,Handeni,Mazingara,450.0
Tanga,Handeni,Mgambo,261.4255319148936
Tanga,Handeni,Misima,1591.2857142857142
Tanga,Handeni,Mkata,295.0
Tanga,Handeni,Ndolwa,446.63157894736844
Tanga,Handeni,Segera,183.3
Tanga,Handeni,Sindeni,558.4615384615385
Tanga,Handeni,Vibaoni,469.44444444444446
Tanga,Kilindi,Jaila,252.55555555555554
Tanga,Kilindi,Kikunde,640.8775510204082
Tanga,Kilindi,Kimbe,636.8333333333334
Tanga,Kilindi,Kisangasa,1.0
Tanga,Kilindi,Kwediboma,267.48
Tanga,Kilindi,Masagalu,492.0
Tanga,Kilindi,Mkindi,1.0
Tanga,Kilindi,Msanja,143.78571428571428
Tanga,Kilindi,Mvungwe,952.5333333333333
Tanga,Kilindi,Negero,1.0
Tanga,Kilindi,Pangwi,1.0
Tanga,Kilindi,Saunyi,1245.6666666666667
Tanga,Korogwe,Bungu,264.125
Tanga,Korogwe,Chekelei,625.0
Tanga,Korogwe,Dindira,367.85714285714283
Tanga,Korogwe,Kerenge,335.0952380952381
Tanga,Korogwe,Kizara,275.6666666666667
Tanga,Korogwe,Korogwe,628.5714285714286
Tanga,Korogwe,Kwagunda,528.9375
Tanga,Korogwe,Kwamndolwa,446.25
Tanga,Korogwe,Lutindi,475.0
Tanga,Korogwe,Magoma,192.22448979591837
Tanga,Korogwe,Makuyuni,352.54545454545456
Tanga,Korogwe,Mashewa,512.7272727272727
Tanga,Korogwe,Mazinde,214.46
Tanga,Korogwe,Mkalamo,364.10714285714283
Tanga,Korogwe,Mkomazi,270.0
Tanga,Korogwe,Mnyuzi,405.9
Tanga,Korogwe,Mombo,221.02857142857144
Tanga,Korogwe,Msambiazi,628.8888888888889
Tanga,Korogwe,Ngombezi,86.7
Tanga,Korogwe,Vugiri,412.5
Tanga,Lushoto,Bumbuli,1.0
Tanga,Lushoto,Funta,1.0
Tanga,Lushoto,Gare,1.0
Tanga,Lushoto,Hemtoye,1.0
Tanga,Lushoto,Kwai,1.0
Tanga,Lushoto,Lunguza,1.0
Tanga,Lushoto,Lushoto,1.0
Tanga,Lushoto,Malibwi,1.0
Tanga,Lushoto,Malindi,1.0
Tanga,Lushoto,Mamba,1.0
Tanga,Lushoto,Mbaramo,1.0
Tanga,Lushoto,Mbuzii,1.0
Tanga,Lushoto,Mgwashi,1.0
Tanga,Lushoto,Mlalo,1.0
Tanga,Lushoto,Mlola,1.0
Tanga,Lushoto,Mnazi,8.323529411764707
Tanga,Lushoto,Mtae,1.0
Tanga,Lushoto,Mwangoi,1.0
Tanga,Lushoto,Ngwelo,1.0
Tanga,Lushoto,Rangwi,1.0
Tanga,Lushoto,Shume,1.0
Tanga,Lushoto,Soni,1.0
Tanga,Lushoto,Sunga,1.0
Tanga,Lushoto,Tamota,1.0
Tanga,Lushoto,Ubiri,1.0
Tanga,Lushoto,Vuga,1.0
Tanga,Mkinga,Daluni,216.72222222222223
Tanga,Mkinga,Duga,517.074074074074
Tanga,Mkinga,Gombero,526.0
Tanga,Mkinga,Kwale,109.54545454545455
Tanga,Mkinga,Manza,1.0
Tanga,Mkinga,Maramba,217.44604316546761
Tanga,Mkinga,Mhinduro,316.05555555555554
Tanga,Mkinga,Mkinga,323.8333333333333
Tanga,Mkinga,Moa,24.6
Tanga,Mkinga,Mtimbwani,388.75
Tanga,Muheza,Bwembera,786.0
Tanga,Muheza,Kicheba,157.82758620689654
Tanga,Muheza,Kigombe,120.3103448275862
Tanga,Muheza,Kilulu,490.2
Tanga,Muheza,Kisiwani,93.44444444444444
Tanga,Muheza,Kwafungo,283.46153846153845
Tanga,Muheza,Lusanga,157.19444444444446
Tanga,Muheza,Magila,622.4117647058823
Tanga,Muheza,Magoroto,110.0
Tanga,Muheza,Majengo,1225.0
Tanga,Muheza,Masuguru,8825.0
Tanga,Muheza,Mbaramo,3000.0
Tanga,Muheza,Misalai,330.0
Tanga,Muheza,Misozwe,253.7058823529412
Tanga,Muheza,Mkuzi,222.5
Tanga,Muheza,Mtindiro,209.0
Tanga,Muheza,Ngomeni,348.30434782608694
Tanga,Muheza,Nkumba,345.35555555555555
Tanga,Muheza,Pande,186.42857142857142
Tanga,Muheza,Potwe,158.8095238095238
Tanga,Muheza,Songa,289.1111111111111
Tanga,Muheza,Tingeni,521.4285714285714
Tanga,Muheza,Zirai,100.0
Tanga,Pangani,Bushiri,266.6470588235294
Tanga,Pangani,Bweni,110.7
Tanga,Pangani,Kimang'a,117.27272727272727
Tanga,Pangani,Kipumbwi,242.5
Tanga,Pangani,Madanga,167.73076923076923
Tanga,Pangani,Mikunguni,136.33333333333334
Tanga,Pangani,Mkalamo,286.8837209302326
Tanga,Pangani,Mkwaja,331.25925925925924
Tanga,Pangani,Mwera,752.1052631578947
Tanga,Pangani,Pangani Magharibi,205.0
Tanga,Pangani,Pangani Mashariki,306.71875
Tanga,Pangani,Tungamaa,201.34375
Tanga,Pangani,Ubangaa,112.15
Tanga,Tanga,Chongoleani,188.0
Tanga,Tanga,Kiomoni,108.75
Tanga,Tanga,Mabokweni,81.48
Tanga,Tanga,Marungu,346.6666666666667
Tanga,Tanga,Maweni,600.0
Tanga,Tanga,Mzizima,244.6
Tanga,Tanga,Pongwe,324.2
Tanga,Tanga,Tongoni,148.68421052631578
