region,lga,ward,longitude_imputed_ward
Arusha,Arusha Rural,Bangata,36.7435930239394
Arusha,Arusha Rural,Bwawani,36.81007167405406
Arusha,Arusha Rural,Ilkiding'a,36.686623900348835
Arusha,Arusha Rural,Kimnyaki,36.65051993632911
Arusha,Arusha Rural,Kiranyi,36.660786888521734
Arusha,Arusha Rural,Kisongo,36.52980744212121
Arusha,Arusha Rural,Mateves,36.574668586363636
Arusha,Arusha Rural,Mlangarini,36.77082304402174
Arusha,Arusha Rural,Moivo,36.69182755590909
Arusha,Arusha Rural,Moshono,36.729648164318185
Arusha,Arusha Rural,Murieti,36.65699270137931
Arusha,Arusha Rural,Musa,36.53566630862069
Arusha,Arusha Rural,Mwandeti,36.578212884705884
Arusha,Arusha Rural,Nduruma,36.82174321009756
Arusha,Arusha Rural,Oldonyosambu,36.70329276545455
Arusha,Arusha Rural,Oljoro,36.691748275
Arusha,Arusha Rural,Olkokola,36.63431022218045
Arusha,Arusha Rural,Oltroto,36.70117392386667
Arusha,Arusha Rural,Oltrumet,36.61871915192308
Arusha,Arusha Rural,Sokoni II,36.71968980214286
Arusha,Arusha Urban,Baraa,36.7366309
Arusha,Arusha Urban,Daraja Mbili,36.69105085
Arusha,Arusha Urban,Elerai,36.66161541454546
Arusha,Arusha Urban,Engutoto,36.71650559
Arusha,Arusha Urban,Kaloleni,36.690026486
Arusha,Arusha Urban,Kimandolu,36.70750427
Arusha,Arusha Urban,Lemara,36.6998978925
Arusha,Arusha Urban,Levolosi,36.684191715
Arusha,Arusha Urban,Ngarenaro,36.673102443333335
Arusha,Arusha Urban,Olorien,36.709897495
Arusha,Arusha Urban,Sekei,36.69580219333333
Arusha,Arusha Urban,Sokon I,36.679078495
Arusha,Arusha Urban,Sombetini,36.66149076
Arusha,Arusha Urban,Terrat,36.68943757875
Arusha,Arusha Urban,Themi,36.70002704
Arusha,Arusha Urban,Unga Ltd,36.67733987333333
Arusha,Karatu,Barray,35.377672925
Arusha,Karatu,Daa,35.55348628058824
Arusha,Karatu,Endabash,35.656793717333336
Arusha,Karatu,Kansay,35.5999647275
Arusha,Karatu,Karatu,35.681042043000005
Arusha,Karatu,Mang'ola,35.318471673913045
Arusha,Karatu,Mbulumbulu,35.85231372034884
Arusha,Karatu,Oldeani,35.55864776
Arusha,Karatu,Qurus,35.64723465079365
Arusha,Karatu,Rhotia,35.730844144399995
Arusha,Longido,Engarenaibor,36.520540046470586
Arusha,Longido,Gelai Lumbwa,36.192926504285715
Arusha,Longido,Gelai Meirugoi,36.06482695111111
Arusha,Longido,Ketumbeine,36.28564030132353
Arusha,Longido,Longido,36.696509602647055
Arusha,Longido,Matare,36.419033477142854
Arusha,Longido,Namanga,36.765141290625
Arusha,Longido,Olmolog,37.22300034484849
Arusha,Longido,Tingatinga,36.926462335714284
Arusha,Meru,Akheri,36.77771440355556
Arusha,Meru,Kikatiti,36.949519402462684
Arusha,Meru,Kikwe,36.845591292857144
Arusha,Meru,King'ori,37.00319152958333
Arusha,Meru,Leguruki,36.92933516546392
Arusha,Meru,Maji ya Chai,36.89841905331579
Arusha,Meru,Makiba,36.94821444
Arusha,Meru,Maroroni,36.923147876875
Arusha,Meru,Mbuguni,36.91579578952381
Arusha,Meru,Ngarenanyuki,36.85494451261628
Arusha,Meru,Nkoanrua,36.75983893432433
Arusha,Meru,Nkoaranga,36.849954233043476
Arusha,Meru,Nkoarisambu,36.78140799055555
Arusha,Meru,Poli,36.808910596785715
Arusha,Meru,Singisi,36.793040726111116
Arusha,Meru,Songoro,36.822227703529414
Arusha,Meru,USA River,36.85046609666667
Arusha,Monduli,Engaruka,35.98611036571429
Arusha,Monduli,Engutoto,36.473062688333336
Arusha,Monduli,Esilalei,35.880361387777775
Arusha,Monduli,Lolkisale,36.439887004
Arusha,Monduli,Makuyuni,36.080196196428574
Arusha,Monduli,Moita,36.577633565
Arusha,Monduli,Monduli Juu,36.442275675833336
Arusha,Monduli,Selela,35.968597417272726
Arusha,Monduli,Sepeko,36.35762181375
Arusha,Ngorongoro,Arash,35.51682314916666
Arusha,Ngorongoro,Digodigo,35.740706416
Arusha,Ngorongoro,Endulen,35.26604465041667
Arusha,Ngorongoro,Kakesio,35.059397016666665
Arusha,Ngorongoro,Malambo,35.60568367
Arusha,Ngorongoro,Nainokanoka,35.70756578636363
Arusha,Ngorongoro,Naiyobi,35.8522970325
Arusha,Ngorongoro,Ngorongoro,35.418237766
Arusha,Ngorongoro,Olbalbal,35.50347630666666
Arusha,Ngorongoro,Oldonyo Sambu,35.881829996
Arusha,Ngorongoro,Olgosorok,35.596186613214286
Arusha,Ngorongoro,Pinyinyi,35.895725581
Arusha,Ngorongoro,Sale,35.69608183857143
Arusha,Ngorongoro,Soit Sambu,35.40813757409091
Dar es Salaam,Ilala,Chanika,39.09488382240259
Dar es Salaam,Ilala,Kinyerezi,39.15654013294118
Dar es Salaam,Ilala,Kitunda,39.186652334
Dar es Salaam,Ilala,Msongola,39.173652865862074
Dar es Salaam,Ilala,Pugu,39.12218485178082
Dar es Salaam,Kinondoni,Bunju,39.09441616192308
Dar es Salaam,Kinondoni,Goba,39.16447199666667
Dar es Salaam,Kinondoni,Kibamba,39.07515422333333
Dar es Salaam,Kinondoni,Kunduchi,39.157541682777776
Dar es Salaam,Kinondoni,Mbezi,39.0910017725
Dar es Salaam,Kinondoni,Mbweni,39.117942660000004
Dar es Salaam,Temeke,Chamazi,39.21712587
Dar es Salaam,Temeke,Kibada,39.3387240425
Dar es Salaam,Temeke,Kimbiji,39.527131696000005
Dar es Salaam,Temeke,Kisarawe II,39.38297675323529
Dar es Salaam,Temeke,Mji Mwema,39.35633555179487
Dar es Salaam,Temeke,Pemba Mnazi,39.47505777978261
Dar es Salaam,Temeke,Somangira,39.421230055471696
Dar es Salaam,Temeke,Vijibweni,39.32360289875
Dodoma,Bahi,Babayu,35.655812693
Dodoma,Bahi,Bahi,35.29537121470588
Dodoma,Bahi,Chali,35.276248679999995
Dodoma,Bahi,Chibelela,35.68209664416667
Dodoma,Bahi,Chikola,35.404639321000005
Dodoma,Bahi,Chipanga,35.36176008428571
Dodoma,Bahi,Ibihwa,35.43035662333333
Dodoma,Bahi,Ibugule,35.55615322166667
Dodoma,Bahi,Ilindi,35.523777710000005
Dodoma,Bahi,Kigwe,35.49534946038462
Dodoma,Bahi,Lamaiti,35.480020923333335
Dodoma,Bahi,Makanda,35.38858066875
Dodoma,Bahi,Mpalanga,35.474959712
Dodoma,Bahi,Mpamantwa,35.374177854
Dodoma,Bahi,Msisi,35.652881914615385
Dodoma,Bahi,Mtitaa,35.57349948909091
Dodoma,Bahi,Mundemu,35.674459544
Dodoma,Bahi,Mwitikira,35.662348793
Dodoma,Bahi,Nondwa,35.38049160333333
Dodoma,Bahi,Zanka,35.84600588666667
Dodoma,Chamwino,Chilionwa,36.13409378625
Dodoma,Chamwino,Chinugulu,35.39360884
Dodoma,Chamwino,Dabalo,36.145861015
Dodoma,Chamwino,Fufu,35.895026645
Dodoma,Chamwino,Handali,36.03198202555555
Dodoma,Chamwino,Haneti,35.842271063333335
Dodoma,Chamwino,Huzi,35.499172647142856
Dodoma,Chamwino,Idifu,35.98648632142857
Dodoma,Chamwino,Igandu,36.08367502833333
Dodoma,Chamwino,Ikowa,36.13992862125
Dodoma,Chamwino,Iringa Mvumi,35.944252005
Dodoma,Chamwino,Itiso,36.046291842
Dodoma,Chamwino,Majeleko,36.19576622785714
Dodoma,Chamwino,Makang'wa,35.85050202428571
Dodoma,Chamwino,Manchali,36.1912008562963
Dodoma,Chamwino,Manda,35.31290169
Dodoma,Chamwino,Manzase,35.874165514
Dodoma,Chamwino,Membe,36.209028520000004
Dodoma,Chamwino,Mlowa Bwawani,35.78207404454545
Dodoma,Chamwino,Mphwayungu,35.60907546166667
Dodoma,Chamwino,Msamalo,36.0966358568421
Dodoma,Chamwino,Muungano,35.88207816333333
Dodoma,Chamwino,Mvumi Makulu,35.8521589056
Dodoma,Chamwino,Mvumi Mission,35.904222615
Dodoma,Chamwino,Nghambaku,35.63310617
Dodoma,Chamwino,Segala,36.17280331818181
Dodoma,Dodoma Urban,Chihanga,35.86546113055555
Dodoma,Dodoma Urban,Hombolo,35.96563124615385
Dodoma,Dodoma Urban,Ipala,35.94221832444444
Dodoma,Dodoma Urban,Kikombo,35.99894422681818
Dodoma,Dodoma Urban,Makutopora,35.81386334111111
Dodoma,Dodoma Urban,Mbabala,35.61151963380952
Dodoma,Dodoma Urban,Mbalawala,35.62780043882353
Dodoma,Dodoma Urban,Mkonze,35.702662625555554
Dodoma,Dodoma Urban,Mpunguzi,35.75636607675676
Dodoma,Dodoma Urban,Msalato,35.75719566833333
Dodoma,Dodoma Urban,Mtumba,35.91846920166667
Dodoma,Dodoma Urban,Nala,35.5716955344
Dodoma,Dodoma Urban,Ngh'ong'ona,35.876029040000006
Dodoma,Dodoma Urban,Nzuguni,35.85587691928571
Dodoma,Dodoma Urban,Tambuka Reli,35.75934301666666
Dodoma,Dodoma Urban,Zuzu,35.625079984375
Dodoma,Kondoa,Bereko,35.73999974555555
Dodoma,Kondoa,Bumbuta,35.97121599764706
Dodoma,Kondoa,Busi,36.08649493071429
Dodoma,Kondoa,Chandama,36.166800904615386
Dodoma,Kondoa,Changaa,35.68383041333333
Dodoma,Kondoa,Chemba,35.878361827368416
Dodoma,Kondoa,Dalai,35.995048717272724
Dodoma,Kondoa,Farkwa,35.58603772769231
Dodoma,Kondoa,Goima,36.019024275625
Dodoma,Kondoa,Gwandi,35.75672964375
Dodoma,Kondoa,Haubi,35.953034581875
Dodoma,Kondoa,Jangalo,36.169653685
Dodoma,Kondoa,Kalamba,35.89284426857143
Dodoma,Kondoa,Kikore,35.84007896888889
Dodoma,Kondoa,Kingale,35.74658179909091
Dodoma,Kondoa,Kisese,35.83929710258065
Dodoma,Kondoa,Kolo,35.83515699666666
Dodoma,Kondoa,Kwadelo,36.127018334375
Dodoma,Kondoa,Kwamtoro,35.42357331541667
Dodoma,Kondoa,Lalta,35.32131415857143
Dodoma,Kondoa,Makorongo,35.59961388133333
Dodoma,Kondoa,Masange,35.807882157586214
Dodoma,Kondoa,Mnenia,35.86924943535714
Dodoma,Kondoa,Mondo,35.9209252925
Dodoma,Kondoa,Mpendo,35.36203986333333
Dodoma,Kondoa,Mrijo,36.29010380285714
Dodoma,Kondoa,Ovada,35.2199160125
Dodoma,Kondoa,Pahi,35.959206866
Dodoma,Kondoa,Paranga,35.833646845714284
Dodoma,Kondoa,Sanzawa,35.35136066571429
Dodoma,Kondoa,Soera,35.76307503923077
Dodoma,Kondoa,Suruke,35.7063774025
Dodoma,Kondoa,Thawi,35.71087177
Dodoma,Kongwa,Chamkoroma,36.6490554497561
Dodoma,Kongwa,Hogoro,36.4427924808
Dodoma,Kongwa,Iduo,36.65128072625
Dodoma,Kongwa,Kibaigwa,36.6438133
Dodoma,Kongwa,Kongwa Urban,36.41394448526316
Dodoma,Kongwa,Mkoka,36.473364989230774
Dodoma,Kongwa,Mlali,36.794651744390244
Dodoma,Kongwa,Mtanana,36.57260762684211
Dodoma,Kongwa,Njoge,36.67204488913044
Dodoma,Kongwa,Pandambili,36.80861129456522
Dodoma,Kongwa,Sagara,36.55228371727273
Dodoma,Kongwa,Sejeli,36.33126253352941
Dodoma,Kongwa,Ugogoni,36.486808595384616
Dodoma,Kongwa,Zoissa,36.3589111375
Dodoma,Mpwapwa,Berege,36.259724293
Dodoma,Mpwapwa,Chunyu,36.31364171037037
Dodoma,Mpwapwa,Gode Gode,36.543536618000005
Dodoma,Mpwapwa,Ipera,36.45839235548387
Dodoma,Mpwapwa,Kibakwe,36.386119533
Dodoma,Mpwapwa,Kimagai,36.56035041
Dodoma,Mpwapwa,Luhundwa,36.43741282777778
Dodoma,Mpwapwa,Lumuma,36.57489595709677
Dodoma,Mpwapwa,Massa,36.3937428
Dodoma,Mpwapwa,Matomondo,36.692675684444445
Dodoma,Mpwapwa,Mazae,36.412488973500004
Dodoma,Mpwapwa,Mbuga,36.574335832608696
Dodoma,Mpwapwa,Mima,36.092823934500004
Dodoma,Mpwapwa,Mlunduzi,36.1160366168
Dodoma,Mpwapwa,Rudi,36.15060591064516
Dodoma,Mpwapwa,Vinghawe,36.482977434285715
Dodoma,Mpwapwa,Wotta,36.29256461030303
Iringa,Iringa Rural,Idodi,35.15152915888889
Iringa,Iringa Rural,Ifunda,35.42748776934783
Iringa,Iringa Rural,Ilolo Mpya,35.477146406
Iringa,Iringa Rural,Itunundu,35.481653736
Iringa,Iringa Rural,Izazi,35.77453447423077
Iringa,Iringa Rural,Kalenga,35.60487850217391
Iringa,Iringa Rural,Kihorogota,35.81800465114286
Iringa,Iringa Rural,Kiwere,35.62959092612903
Iringa,Iringa Rural,Lumuli,35.45737358222222
Iringa,Iringa Rural,Maboga,35.3493515094
Iringa,Iringa Rural,Magulilwa,35.74130135193549
Iringa,Iringa Rural,Mahuninga,35.06324852137931
Iringa,Iringa Rural,Malenga Makali,35.98038632075
Iringa,Iringa Rural,Mgama,35.597054029375
Iringa,Iringa Rural,Mlowa,35.39571209666667
Iringa,Iringa Rural,Mseke,35.55215683935484
Iringa,Iringa Rural,Nduli,35.83635853
Iringa,Iringa Rural,Nzihi,35.50866047019231
Iringa,Iringa Rural,Ulanda,35.561484051818184
Iringa,Iringa Rural,Wasa,35.242189589999995
Iringa,Kilolo,Boma la ng'ombe,35.886427532702704
Iringa,Kilolo,Dabaga,35.901838398888884
Iringa,Kilolo,Idete,36.012424172857145
Iringa,Kilolo,Ilula,36.122942339999994
Iringa,Kilolo,Image,36.11717382142857
Iringa,Kilolo,Irole,35.871484550754715
Iringa,Kilolo,Mahenge,36.33653915896552
Iringa,Kilolo,Mtitu,35.79491681142857
Iringa,Kilolo,Udekwa,36.3486704568421
Iringa,Kilolo,Uhambingeto,35.990972112307695
Iringa,Kilolo,Ukumbi,35.74017434656716
Iringa,Kilolo,Ukwega,36.073902835384615
Iringa,Ludewa,Ibumi,34.93972137814815
Iringa,Ludewa,Luana,34.61824925147059
Iringa,Ludewa,Ludende,34.70161790625
Iringa,Ludewa,Ludewa,34.68147435307692
Iringa,Ludewa,Lugarawa,34.75091823666667
Iringa,Ludewa,Luilo,34.74321449777778
Iringa,Ludewa,Lupanga,34.490315947727275
Iringa,Ludewa,Madilu,34.7544554765625
Iringa,Ludewa,Madope,34.67812466541667
Iringa,Ludewa,Manda,34.60981641857143
Iringa,Ludewa,Masasi,34.670142416666664
Iringa,Ludewa,Mavanga,35.09460458097561
Iringa,Ludewa,Mawengi,34.48550862614035
Iringa,Ludewa,Mlangali,34.5360645975
Iringa,Ludewa,Mundindi,34.93686029222222
Iringa,Ludewa,Nkomang'ombe,34.72340190846154
Iringa,Makete,Bulongwa,34.079840113529414
Iringa,Makete,Ikuwo,34.07889276777777
Iringa,Makete,Iniho,34.0121502676
Iringa,Makete,Ipelele,33.952502707307694
Iringa,Makete,Ipepo,34.3117895272093
Iringa,Makete,Iwawa,34.10808554351852
Iringa,Makete,Kipagalo,34.02437922521739
Iringa,Makete,Kitulo,34.039437882962964
Iringa,Makete,Lupalilo,34.19879751754386
Iringa,Makete,Lupila,34.34683553594594
Iringa,Makete,Mang'oto,34.29154690885246
Iringa,Makete,Matamba,33.9457781135
Iringa,Makete,Mfumbi,34.12232093866667
Iringa,Makete,Mlondwe,33.976186413
Iringa,Makete,Ukwama,34.21015087828572
Iringa,Mufindi,Bumilayinga,35.08047969275862
Iringa,Mufindi,Idunda,34.800692848125
Iringa,Mufindi,Igombavanu,35.12145383058823
Iringa,Mufindi,Igowole,35.13646596261905
Iringa,Mufindi,Ihalimba,35.527889442500005
Iringa,Mufindi,Ihowanza,34.7714660823077
Iringa,Mufindi,Ikweha,34.951832399999994
Iringa,Mufindi,Isalavanu,35.26303277939394
Iringa,Mufindi,Itandula,34.911281332
Iringa,Mufindi,Kasanga,35.142689159999996
Iringa,Mufindi,Kibengu,35.71620403
Iringa,Mufindi,Kiyowela,35.185787535
Iringa,Mufindi,Luhunga,35.37541502
Iringa,Mufindi,Mafinga,35.2343404132
Iringa,Mufindi,Malangali,34.845786098000005
Iringa,Mufindi,Mbalamaziwa,34.971603101599996
Iringa,Mufindi,Mninga,35.22623919058824
Iringa,Mufindi,Mtambula,35.0174282368
Iringa,Mufindi,Mtwango,35.32060757
Iringa,Mufindi,Nyololo,34.97548603704918
Iringa,Mufindi,Rungemba,35.37893790666667
Iringa,Mufindi,Sadani,35.028223101923075
Iringa,Njombe,Idamba,35.29889469730769
Iringa,Njombe,Igongolo,34.90282680410853
Iringa,Njombe,Igosi,34.52412235625407
Iringa,Njombe,Ikondo,35.24112219130435
Iringa,Njombe,Ikuka,34.99055223153846
Iringa,Njombe,Ilembula,34.686023470857144
Iringa,Njombe,Imalinyi,34.60688881329365
Iringa,Njombe,Iwungilo,34.86847472380952
Iringa,Njombe,Kidegembye,35.0415096727451
Iringa,Njombe,Kifanya,35.09058089943182
Iringa,Njombe,Luduga,34.51434627482143
Iringa,Njombe,Lupembe,35.181028471807224
Iringa,Njombe,Luponde,34.77497441324324
Iringa,Njombe,Mahongole,34.995177907719295
Iringa,Njombe,Makambako,34.86272891095238
Iringa,Njombe,Matola,34.57586050296552
Iringa,Njombe,Mdandu,34.7225286008658
Iringa,Njombe,Mtwango,34.79034907693333
Iringa,Njombe,Njombe Urban,34.709853198958335
Iringa,Njombe,Saja,34.78976632807692
Iringa,Njombe,Usuka,34.62258088743316
Iringa,Njombe,Uwemba,34.78362487977528
Iringa,Njombe,Wangama,34.439894888125
Iringa,Njombe,Wanging'ombe,34.65491555920864
Iringa,Njombe,Yakobi,34.932479388275866
Kagera,Biharamulo,Biharamulo Urban,31.311201571904764
Kagera,Biharamulo,Kalenge,31.110748937446807
Kagera,Biharamulo,Lusahunga,31.261367920576923
Kagera,Biharamulo,Nyabusozi,31.44665040931818
Kagera,Biharamulo,Nyakahura,30.978501631621622
Kagera,Biharamulo,Nyamigogo,31.633471012105264
Kagera,Biharamulo,Nyarubungo,31.357708377575758
Kagera,Biharamulo,Runazi,31.471290146428572
Kagera,Bukoba Rural,Buhendangabo,31.81744073666667
Kagera,Bukoba Rural,Bujugo,31.724062444545453
Kagera,Bukoba Rural,Buterankuzi,31.549448790980392
Kagera,Bukoba Rural,Ibwera,31.606219168750002
Kagera,Bukoba Rural,Izimbya,31.464308690000003
Kagera,Bukoba Rural,Kaagya,31.839357248
Kagera,Bukoba Rural,Kabaragaine,31.75040341535714
Kagera,Bukoba Rural,Kaibanja,31.557431058000002
Kagera,Bukoba Rural,Kanyangereko,31.782926556363638
Kagera,Bukoba Rural,Kasharu,31.62857421857143
Kagera,Bukoba Rural,Katerero,31.741189881219515
Kagera,Bukoba Rural,Katoma,31.760152288571426
Kagera,Bukoba Rural,Katoro,31.491843619500003
Kagera,Bukoba Rural,Kibirizi,31.40987681333333
Kagera,Bukoba Rural,Kikomero,31.53100489
Kagera,Bukoba Rural,Kishanje,31.830001425384616
Kagera,Bukoba Rural,Kyamuraile,31.395754516666667
Kagera,Bukoba Rural,Maruku,31.786446163888886
Kagera,Bukoba Rural,Mikoni,31.594489168333336
Kagera,Bukoba Rural,Nyakato,31.829706025
Kagera,Bukoba Rural,Nyakibimbili,31.629371354166665
Kagera,Bukoba Rural,Rubafu,31.837549492857143
Kagera,Bukoba Rural,Rubale,31.50407964027778
Kagera,Bukoba Rural,Ruhunga,31.445049932941174
Kagera,Bukoba Urban,Bukembe,31.70903732
Kagera,Bukoba Urban,Ijunganyondo,31.83490159857143
Kagera,Bukoba Urban,Kagondo,31.79358459375
Kagera,Bukoba Urban,Kahororo,31.82343923
Kagera,Bukoba Urban,Kibeta,31.80090243777778
Kagera,Bukoba Urban,Kitendaguru,31.810148853999998
Kagera,Bukoba Urban,Nishambya,31.46173039375
Kagera,Bukoba Urban,Nyanga,31.780669426666666
Kagera,Chato,Bukome,31.739413911999996
Kagera,Chato,Buseresere,31.878840315714285
Kagera,Chato,Buziku,31.618925687391307
Kagera,Chato,Bwanga,31.762056154
Kagera,Chato,Bwera,31.712039253846154
Kagera,Chato,Chato,31.770276226363638
Kagera,Chato,Ichwankima,31.584865150000002
Kagera,Chato,Ilemela,31.662096963333337
Kagera,Chato,Kachwamba,31.495595664
Kagera,Chato,Katende,31.646107004615388
Kagera,Chato,Kigongo,31.75118569842105
Kagera,Chato,Makurugusi,31.79214238
Kagera,Chato,Muganza,31.72412772875
Kagera,Chato,Nyamirembe,31.684295601851854
Kagera,Karagwe,Bugene,31.17270772111111
Kagera,Karagwe,Bugomora,30.769526062777775
Kagera,Karagwe,Bweranyange,30.89806670111111
Kagera,Karagwe,Igurwa,31.03011254342857
Kagera,Karagwe,Ihanda,31.076470097692308
Kagera,Karagwe,Ihembe,31.156669808
Kagera,Karagwe,Isingiro,30.691603987083337
Kagera,Karagwe,Kaisho,30.673393077291667
Kagera,Karagwe,Kamuli,30.848517511923077
Kagera,Karagwe,Kayanga,31.172895514444445
Kagera,Karagwe,Kibingo,30.624213171
Kagera,Karagwe,Kibondo,30.974476453513514
Kagera,Karagwe,Kihanga,31.172064339636364
Kagera,Karagwe,Kimuli,30.92228405375
Kagera,Karagwe,Kiruruma,30.974846785
Kagera,Karagwe,Kituntu,31.117207745
Kagera,Karagwe,Kyerwa,30.803254001750002
Kagera,Karagwe,Mabira,30.947162685
Kagera,Karagwe,Murongo,30.68465039125
Kagera,Karagwe,Ndama,31.190748725652178
Kagera,Karagwe,Nkwenda,30.87031953635135
Kagera,Karagwe,Nyabiyonza,30.995581531333336
Kagera,Karagwe,Nyaishozi,31.117734274255323
Kagera,Karagwe,Nyakahanga,31.105410092142854
Kagera,Karagwe,Nyakakika,30.977293512222225
Kagera,Karagwe,Nyakasimbi,31.126863443846155
Kagera,Karagwe,Rugu,31.1619400748
Kagera,Karagwe,Rwabere,30.921741196363634
Kagera,Misenyi,Bugandika,31.68985559
Kagera,Misenyi,Bugorora,31.477844460000004
Kagera,Misenyi,Buyango,31.63073417125
Kagera,Misenyi,Bwanjai,31.7575601
Kagera,Misenyi,Gera,31.772395687142858
Kagera,Misenyi,Ishozi,31.75801678
Kagera,Misenyi,Ishunju,31.7475262675
Kagera,Misenyi,Kakunyu,31.541588264545453
Kagera,Misenyi,Kanyigo,31.75256210222222
Kagera,Misenyi,Kashenye,31.627907482272725
Kagera,Misenyi,Kassambya,31.43344652125
Kagera,Misenyi,Kilimilire,31.5742442225
Kagera,Misenyi,Kitobo,31.65241844181818
Kagera,Misenyi,Kyaka,31.457640678484847
Kagera,Misenyi,Minziro,31.410688047142855
Kagera,Misenyi,Nsunga,31.57262817058823
Kagera,Misenyi,Ruzinga,30.940064442857143
Kagera,Muleba,Biirabo,31.546944581666665
Kagera,Muleba,Buganguzi,31.57326002857143
Kagera,Muleba,Bulyakashaju,31.57180729857143
Kagera,Muleba,Bureza,31.68264086
Kagera,Muleba,Burungura,31.4171645
Kagera,Muleba,Ijumbi,31.61734595222222
Kagera,Muleba,Ikondo,31.613083069333335
Kagera,Muleba,Izigo,31.723572201000003
Kagera,Muleba,Kagoma,31.690503746
Kagera,Muleba,Kamachumu,31.62340865
Kagera,Muleba,Karambi,31.469084016153847
Kagera,Muleba,Kasharunga,31.533589249655172
Kagera,Muleba,Kashasha,31.59745198586207
Kagera,Muleba,Kibanga,31.580990479999997
Kagera,Muleba,Kibirizi,31.5353110635
Kagera,Muleba,Kimwani,31.668136515
Kagera,Muleba,Kishanda,31.555917365
Kagera,Muleba,Kyebitembe,31.53072129857143
Kagera,Muleba,Magata/Karutanga,31.63902310111111
Kagera,Muleba,Manyondwe,31.742593890000002
Kagera,Muleba,Mubunda,31.532881343333333
Kagera,Muleba,Muhutwe,31.71046166
Kagera,Muleba,Muleba,31.65802648047619
Kagera,Muleba,Ngenge,31.445909270625002
Kagera,Muleba,Nshamba,31.54938258695652
Kagera,Muleba,Ruhanga,31.752764829090907
Kagera,Muleba,Rushwa,31.502898824545454
Kagera,Ngara,Bugarama,30.552871508703703
Kagera,Ngara,Bukiriro,30.53430681714286
Kagera,Ngara,Kabanga,30.489965532619046
Kagera,Ngara,Kanazi,30.569949766764708
Kagera,Ngara,Keza,30.662381573529416
Kagera,Ngara,Kibimba,30.660179928666665
Kagera,Ngara,Kirushya,30.539263942500003
Kagera,Ngara,Mabawe,30.5046121904
Kagera,Ngara,Muganza,30.78233127238095
Kagera,Ngara,Mugoma,30.541898284
Kagera,Ngara,Murusagamba,30.77795000631579
Kagera,Ngara,Ngara Urban,30.66470357647059
Kagera,Ngara,Ntobeye,30.59546257267857
Kagera,Ngara,Nyakisasa,30.73707491238095
Kagera,Ngara,Nyamiyaga,30.707164228846157
Kagera,Ngara,Rulenge,30.633555580408164
Kagera,Ngara,Rusumo,30.892250963258427
Kigoma,Kasulu,Buhigwe,29.893962383636367
Kigoma,Kasulu,Buhoro,30.190566110526316
Kigoma,Kasulu,Heru- Ushingo,30.253271644285714
Kigoma,Kasulu,Janda,29.911883938125
Kigoma,Kasulu,Kagera Nkanda,30.592892049999996
Kigoma,Kasulu,Kigondo,30.156910396785715
Kigoma,Kasulu,Kilelema,30.102696163333334
Kigoma,Kasulu,Kitagata,30.370176950370368
Kigoma,Kasulu,Kitanga,30.333499944
Kigoma,Kasulu,Msambara,30.091762349499998
Kigoma,Kasulu,Muhinda,29.81163233566265
Kigoma,Kasulu,Muhunga,30.011304380749998
Kigoma,Kasulu,Munyegera,30.056291839080462
Kigoma,Kasulu,Munzenze,29.860172327674416
Kigoma,Kasulu,Murufiti,30.169202339302327
Kigoma,Kasulu,Muyama,30.126828046666667
Kigoma,Kasulu,Muzye,30.047342987142855
Kigoma,Kasulu,Nyakitonto,30.299330962
Kigoma,Kasulu,Nyamidaho,30.47769931222222
Kigoma,Kasulu,Nyamnyusi,30.203896593157896
Kigoma,Kasulu,Ruhita,30.26114650702703
Kigoma,Kasulu,Rungwe Mpya,30.181482955714284
Kigoma,Kasulu,Rusaba,29.82026152
Kigoma,Kasulu,Rusesa,30.034102453142857
Kigoma,Kasulu,Titye,30.278767581304347
Kigoma,Kibondo,Bunyambo,30.636086438333336
Kigoma,Kibondo,Busagara,30.62467086403509
Kigoma,Kibondo,Gwanumpu,30.72667620568627
Kigoma,Kibondo,Itaba,30.582821272040817
Kigoma,Kibondo,Kakonko,30.951244945
Kigoma,Kibondo,Kasanda,30.857541818444446
Kigoma,Kibondo,Kasuga,30.93420809190476
Kigoma,Kibondo,Kazazi,30.485061325263157
Kigoma,Kibondo,Kibondo Urban,30.721422223333335
Kigoma,Kibondo,Kitahana,30.66744487395349
Kigoma,Kibondo,Kumsenga,30.448500396285713
Kigoma,Kibondo,Mabamba,30.50365461210526
Kigoma,Kibondo,Misezero,30.7313373830303
Kigoma,Kibondo,Mugunzu,30.5689240159375
Kigoma,Kibondo,Muhange,30.875388661538462
Kigoma,Kibondo,Murungu,30.857559093214288
Kigoma,Kibondo,Nyabibuye,30.836761735666666
Kigoma,Kibondo,Nyamtukuza,30.925794202285715
Kigoma,Kibondo,Rugenge,30.819335481000003
Kigoma,Kibondo,Rugongowe,30.58764800362319
Kigoma,Kigoma Rural,Bitale,29.724460652407405
Kigoma,Kigoma Rural,Ilagala,29.844933414444444
Kigoma,Kigoma Rural,Kagongo,29.65923463539823
Kigoma,Kigoma Rural,Kalinzi,29.76812286264706
Kigoma,Kigoma Rural,Kandaga,30.002849949148935
Kigoma,Kigoma Rural,Mahembe,29.791329977821782
Kigoma,Kigoma Rural,Matendo,29.906360165529414
Kigoma,Kigoma Rural,Mganza,30.904135386666667
Kigoma,Kigoma Rural,Mkigo,29.77818183327273
Kigoma,Kigoma Rural,Mngonya,29.730013395555556
Kigoma,Kigoma Rural,Mtego wa Noti,31.067775308333335
Kigoma,Kigoma Rural,Mwamgongo,29.672484611190477
Kigoma,Kigoma Rural,Mwandiga,29.683222067317075
Kigoma,Kigoma Rural,Nguruka,31.061895083000003
Kigoma,Kigoma Rural,Simbo,29.749481558095237
Kigoma,Kigoma Rural,Sunuka,29.78217778125
Kigoma,Kigoma Rural,Uvinza,30.347954152682927
Kigoma,Kigoma Urban,Bangwe,29.61841086222222
Kigoma,Kigoma Urban,Buhanda businde,29.671736703636363
Kigoma,Kigoma Urban,Gungu,29.6435222325
Kigoma,Kigoma Urban,Kasimbu,29.68628504
Kigoma,Kigoma Urban,Kasingirima,29.695801105
Kigoma,Kigoma Urban,Kitongoni,29.775113572000002
Kigoma,Kigoma Urban,Machinjioni,29.68112716
Kigoma,Kigoma Urban,Majengo,29.678702688333335
Kigoma,Kigoma Urban,Mwanga Kaskazini,29.64114857
Kigoma,Kigoma Urban,Rubuga,29.690783904
Kigoma,Kigoma Urban,Rusimbi,29.670617710000002
Kilimanjaro,Hai,Hai Urban,37.15252542413793
Kilimanjaro,Hai,Machame Kaskazini,37.229031675882354
Kilimanjaro,Hai,Machame Kusini,37.270695509855074
Kilimanjaro,Hai,Machame Magharibi,37.20287466809524
Kilimanjaro,Hai,Machame Mashariki,37.249694860847455
Kilimanjaro,Hai,Machame Uroki,37.20739467197368
Kilimanjaro,Hai,Masama Kusini,37.154537046046514
Kilimanjaro,Hai,Masama Magharibi,37.15251093
Kilimanjaro,Hai,Masama Mashariki,37.187882507943925
Kilimanjaro,Hai,Masama Rundugai,37.163723501351356
Kilimanjaro,Moshi Rural,Arusha Chini,37.35265887912281
Kilimanjaro,Moshi Rural,Kahe,37.43708606491803
Kilimanjaro,Moshi Rural,Kahe Mashariki,37.51914280871795
Kilimanjaro,Moshi Rural,Kibosho Kati,37.30561432925926
Kilimanjaro,Moshi Rural,Kibosho Magharibi,37.271534466951216
Kilimanjaro,Moshi Rural,Kibosho Mashariki,37.319581395294115
Kilimanjaro,Moshi Rural,Kilema  Kati,37.49464309181818
Kilimanjaro,Moshi Rural,Kilema Kusini,37.51554619095238
Kilimanjaro,Moshi Rural,Kilema kaskazini,37.47545892947368
Kilimanjaro,Moshi Rural,Kimochi,37.42003697105769
Kilimanjaro,Moshi Rural,Kindi,37.28149826702128
Kilimanjaro,Moshi Rural,Kirima,37.30282964210526
Kilimanjaro,Moshi Rural,Kirua Vunjo Kusini,37.46202929948979
Kilimanjaro,Moshi Rural,Kirua Vunjo Magharibi,37.45663939653846
Kilimanjaro,Moshi Rural,Kurua Vunjo Mashariki,37.485003623272725
Kilimanjaro,Moshi Rural,Mabogini,37.37106926909091
Kilimanjaro,Moshi Rural,Makuyuni,37.56148011064516
Kilimanjaro,Moshi Rural,Mamba Kaskazini,37.540734298
Kilimanjaro,Moshi Rural,Mamba Kusini,37.54500901
Kilimanjaro,Moshi Rural,Marangu Magharibi,37.4931783059375
Kilimanjaro,Moshi Rural,Marangu Mashariki,37.52001096254902
Kilimanjaro,Moshi Rural,Mbokomu,37.3774299559375
Kilimanjaro,Moshi Rural,Mwika Kaskazini,37.56714089571429
Kilimanjaro,Moshi Rural,Mwika Kusini,37.58110975473684
Kilimanjaro,Moshi Rural,Okoani Kibosho,37.29242830666667
Kilimanjaro,Moshi Rural,Old Moshi Magharibi,37.391842250714284
Kilimanjaro,Moshi Rural,Old Moshi Mashariki,37.39987102127272
Kilimanjaro,Moshi Rural,Uru Kaskazini,37.34568832866667
Kilimanjaro,Moshi Rural,Uru Kusini Mawela,37.3374229144186
Kilimanjaro,Moshi Rural,Uru Mashariki,37.37163867736842
Kilimanjaro,Moshi Rural,Uru Shimbwe,37.375288649000005
Kilimanjaro,Moshi Urban,Bondeni,37.338271085
Kilimanjaro,Moshi Urban,Karanga,37.309220849999996
Kilimanjaro,Moshi Urban,Kiboriloni,37.371029226000005
Kilimanjaro,Moshi Urban,Kiusa,37.33318922
Kilimanjaro,Moshi Urban,Korongoni,37.33306307
Kilimanjaro,Moshi Urban,Longuo,37.32512007142857
Kilimanjaro,Moshi Urban,Majengo,37.3532745675
Kilimanjaro,Moshi Urban,Mawenzi,37.34280343
Kilimanjaro,Moshi Urban,Mji Mpya,37.3595286
Kilimanjaro,Moshi Urban,Msaranga,37.37302098
Kilimanjaro,Moshi Urban,Njoro,37.346701661428575
Kilimanjaro,Moshi Urban,Pasua,37.33778178266667
Kilimanjaro,Moshi Urban,Rau,37.339211555999995
Kilimanjaro,Mwanga,Chomvu,37.66351691863636
Kilimanjaro,Mwanga,Jipe,37.67755665869565
Kilimanjaro,Mwanga,Kifula,37.66685222071429
Kilimanjaro,Mwanga,Kighare,37.656570307027025
Kilimanjaro,Mwanga,Kileo,37.55792783333334
Kilimanjaro,Mwanga,Kilomeni,37.664794701
Kilimanjaro,Mwanga,Kirongwe,37.67186904474576
Kilimanjaro,Mwanga,Kirya,37.477535932222224
Kilimanjaro,Mwanga,Kwakoa,37.722553793220335
Kilimanjaro,Mwanga,Lake Jipe,37.463068400000004
Kilimanjaro,Mwanga,Lembeni,37.60703736989474
Kilimanjaro,Mwanga,Msangeni,37.66388192
Kilimanjaro,Mwanga,Mwanga Urban,37.581292935
Kilimanjaro,Mwanga,Mwaniko,37.67247303478261
Kilimanjaro,Mwanga,Ngujini,37.630251034000004
Kilimanjaro,Mwanga,Shinghatini,37.63988823037736
Kilimanjaro,Rombo,Katangara Mrere,37.586799534545456
Kilimanjaro,Rombo,Kelamfua Mokala,37.6277305775
Kilimanjaro,Rombo,Keni  Alleni,37.652098657
Kilimanjaro,Rombo,Keni Mengeni,37.61072206382716
Kilimanjaro,Rombo,Kirongo Samanga,37.632466769375
Kilimanjaro,Rombo,Kirwa Keni,37.60870762285714
Kilimanjaro,Rombo,Kisale Msangara,37.636101848799996
Kilimanjaro,Rombo,Kitirima Kingachi,37.62467031854167
Kilimanjaro,Rombo,Mahida Holili,37.62197893378378
Kilimanjaro,Rombo,Makiidi,37.60529451
Kilimanjaro,Rombo,Mamsera,37.6262040971875
Kilimanjaro,Rombo,Mengwe Manda,37.63239012184211
Kilimanjaro,Rombo,Motamburu Kitendani,37.53526634928572
Kilimanjaro,Rombo,Nanjara Reha,37.58560974222222
Kilimanjaro,Rombo,Olele,37.62452507384615
Kilimanjaro,Rombo,Shimbi,37.61802552434783
Kilimanjaro,Rombo,Tarekea Motamburu,37.55712336
Kilimanjaro,Rombo,Ubetu Kahe,37.588909809268294
Kilimanjaro,Rombo,Ushiri Ikuini,37.6102267603125
Kilimanjaro,Same,Bendera,38.07165918705883
Kilimanjaro,Same,Bombo,37.99241217388889
Kilimanjaro,Same,Bwambo,37.94101470857142
Kilimanjaro,Same,Chome,37.892475308636364
Kilimanjaro,Same,Hedaru,37.912580639642854
Kilimanjaro,Same,Kihurio,38.073929328918915
Kilimanjaro,Same,Kirangare,37.96224118130435
Kilimanjaro,Same,Kisiwani,37.95071582933333
Kilimanjaro,Same,Makanya,37.8427559282
Kilimanjaro,Same,Maore,38.04676101159091
Kilimanjaro,Same,Mhezi,37.87865797
Kilimanjaro,Same,Mnyamba,37.99647418863636
Kilimanjaro,Same,Mpinji,37.9630662
Kilimanjaro,Same,Mshewa,37.909862409999995
Kilimanjaro,Same,Msindo,37.933644363157896
Kilimanjaro,Same,Mtii,38.0039804865
Kilimanjaro,Same,Mwembe,37.84235452555556
Kilimanjaro,Same,Ndungu,38.0806654075
Kilimanjaro,Same,Njoro,37.70691837390244
Kilimanjaro,Same,Ruvu,37.57688841238095
Kilimanjaro,Same,Same Urban,37.72418420266666
Kilimanjaro,Same,Suji,37.892997685714285
Kilimanjaro,Same,Vudee,37.88181544416667
Kilimanjaro,Same,Vuje,37.99427287692308
Kilimanjaro,Same,Vunta,37.97108796586207
Kilimanjaro,Siha,Siha Kaskazini,37.09564768086207
Kilimanjaro,Siha,Siha Kati,37.03113828125
Kilimanjaro,Siha,Siha Magharibi,37.045887338
Kilimanjaro,Siha,Siha Mashariki,37.11704092577982
Lindi,Kilwa,Chumo,39.03639441794872
Lindi,Kilwa,Kandawale,38.816676711111114
Lindi,Kilwa,Kikole,39.18524167153846
Lindi,Kilwa,Kinjumbi,39.22550887439024
Lindi,Kilwa,Kipatimu,38.94090082170213
Lindi,Kilwa,Kiranjeranje,39.44917688592592
Lindi,Kilwa,Kivinje Singino,39.372830754285715
Lindi,Kilwa,Lihimalyo,39.606731978
Lindi,Kilwa,Likawage,38.996221890526314
Lindi,Kilwa,Mandawa,39.39675831125
Lindi,Kilwa,Masoko,39.47984414705883
Lindi,Kilwa,Miguruwe,38.77144410583333
Lindi,Kilwa,Mingumbi,39.1616032388
Lindi,Kilwa,Miteja,39.29402571772727
Lindi,Kilwa,Mitole,39.00902679
Lindi,Kilwa,Nanjirinji,39.14553073285714
Lindi,Kilwa,Njinjo,38.92271247857143
Lindi,Kilwa,Pande,39.56820892
Lindi,Kilwa,Songosongo,39.50539274846154
Lindi,Kilwa,Tingi,39.25902648428571
Lindi,Lindi Rural,Chikonji,39.58661655
Lindi,Lindi Rural,Chiponda,39.426016905666664
Lindi,Lindi Rural,Kilolambwani,39.66797992
Lindi,Lindi Rural,Kitomanga,39.52439148333334
Lindi,Lindi Rural,Kiwalala,39.5584775575
Lindi,Lindi Rural,Manwanga,39.6271318675
Lindi,Lindi Rural,Matimba,39.562189700909094
Lindi,Lindi Rural,Mbanja,39.735333375454545
Lindi,Lindi Rural,Mchinga,39.64887941863637
Lindi,Lindi Rural,Milola,39.32693077857142
Lindi,Lindi Rural,Mipingo,39.40530838615385
Lindi,Lindi Rural,Mnara,39.265169098181815
Lindi,Lindi Rural,Mngoyo,39.616303343000006
Lindi,Lindi Rural,Mnolela,39.72516583916667
Lindi,Lindi Rural,Mtama,39.37288418954545
Lindi,Lindi Rural,Mtua,39.491189403999996
Lindi,Lindi Rural,Nachunyu,39.83883728916667
Lindi,Lindi Rural,Nahukahuka,39.54458557142857
Lindi,Lindi Rural,Nangaru,39.47240901
Lindi,Lindi Rural,Ng'apa,39.596825601666666
Lindi,Lindi Rural,Ngangamara,39.6439516075
Lindi,Lindi Rural,Nyangao,39.29282460285714
Lindi,Lindi Rural,Nyengedi,39.446322779285715
Lindi,Lindi Rural,Rutamba,39.39176449888889
Lindi,Lindi Rural,Sudi,39.89103173428571
Lindi,Lindi Rural,Tandangongoro,39.544412738666665
Lindi,Lindi Urban,Jamhuri,39.630920188
Lindi,Lindi Urban,Mtanda,39.62967502
Lindi,Lindi Urban,Rasbura,39.73499472
Lindi,Liwale,Barikiwa,37.85260477
Lindi,Liwale,Kiangara,38.343717629000004
Lindi,Liwale,Kibutuka,38.454917272
Lindi,Liwale,Kimambi,38.364869625
Lindi,Liwale,Liwale A,37.91465878416667
Lindi,Liwale,Liwale B,38.06827593818182
Lindi,Liwale,Makata,37.79101017153846
Lindi,Liwale,Mangirikiti,37.91176729
Lindi,Liwale,Mbaya,37.98278054125
Lindi,Liwale,Mihumo,37.875975992307694
Lindi,Liwale,Mirui,38.52113384625
Lindi,Liwale,Mkutano,38.082257604
Lindi,Liwale,Mlembwe,37.51401485428572
Lindi,Liwale,Mpigamiti,37.605121086666664
Lindi,Liwale,Nangano,38.25339359333333
Lindi,Liwale,Ngongowele,37.8558001095
Lindi,Nachingwea,Chiola,38.85381166416666
Lindi,Nachingwea,Kiegei,37.91505691142857
Lindi,Nachingwea,Kilima Rondo,38.0091038052
Lindi,Nachingwea,Kipara Mnero,38.66848141307692
Lindi,Nachingwea,Lionja,38.495856986190475
Lindi,Nachingwea,Marambo,38.77765201095238
Lindi,Nachingwea,Matekwe,38.122756904285716
Lindi,Nachingwea,Mbondo,38.269801765
Lindi,Nachingwea,Mkoka,38.767261436
Lindi,Nachingwea,Mkotokuyana,38.864904960000004
Lindi,Nachingwea,Mnero Miembeni,38.639175213928574
Lindi,Nachingwea,Mnero Ngongo,38.62726563117647
Lindi,Nachingwea,Mpiruka,38.80405598625
Lindi,Nachingwea,Mtua,38.52291836066667
Lindi,Nachingwea,Naipanga,38.815376962857144
Lindi,Nachingwea,Naipingo,38.70268680727273
Lindi,Nachingwea,Namapwia,38.64658578
Lindi,Nachingwea,Namatula,38.73005564333334
Lindi,Nachingwea,Nambambo,38.76604190909091
Lindi,Nachingwea,Namikango,38.5605651325
Lindi,Nachingwea,Nangowe,38.73079508666667
Lindi,Nachingwea,Nditi,38.584642936
Lindi,Nachingwea,Ndomoni,38.865901265999995
Lindi,Nachingwea,Ruponda,38.70084770909091
Lindi,Nachingwea,Stesheni,38.776121165
Lindi,Ruangwa,Chienjere,38.911294915625
Lindi,Ruangwa,Chunyu,38.896137418
Lindi,Ruangwa,Likunja,38.90383731904762
Lindi,Ruangwa,Luchelegwa,38.9454579137037
Lindi,Ruangwa,Makanjiro,38.872239485
Lindi,Ruangwa,Malolo,39.041760698478264
Lindi,Ruangwa,Mandarawe,39.01252184333333
Lindi,Ruangwa,Mandawa,39.09130443870968
Lindi,Ruangwa,Mbekenyera,38.96589946038461
Lindi,Ruangwa,Mnacho,39.00043114107143
Lindi,Ruangwa,Nambilanje,39.05555389333333
Lindi,Ruangwa,Namichinga,38.95257751166667
Lindi,Ruangwa,Narungombe,38.860993055
Lindi,Ruangwa,Nkowe,38.94759626764706
Lindi,Ruangwa,Ruangwa,38.92795100066667
Manyara,Babati,Arri,35.59160970842105
Manyara,Babati,Bashinet,35.408585512631575
Manyara,Babati,Bonga,35.719061829999994
Manyara,Babati,Dabil,35.4566769187234
Manyara,Babati,Dareda,35.52360632596154
Manyara,Babati,Duru,35.626581664666666
Manyara,Babati,Gidas,35.70188592631579
Manyara,Babati,Madunga,35.48378175208333
Manyara,Babati,Magara,35.70999096973684
Manyara,Babati,Magugu,35.7660714465
Manyara,Babati,Mamire,35.865370026608694
Manyara,Babati,Mwada,35.79610231066667
Manyara,Babati,Nkaiti,35.93356130272727
Manyara,Babati,Qash,35.86657201692308
Manyara,Babati,Riroda,35.648193729629625
Manyara,Babati,Sigino,35.65592849428571
Manyara,Babati,Ufana,35.31553924964286
Manyara,Hanang,Balangidalalu,35.26768590526316
Manyara,Hanang,Bassodesh,35.061325155
Manyara,Hanang,Bassotu,35.11501546222222
Manyara,Hanang,Endasak,35.5221351
Manyara,Hanang,Gehandu,35.17030559285714
Manyara,Hanang,Gendabi,35.31837442521739
Manyara,Hanang,Gidahababieg,35.590803085000005
Manyara,Hanang,Gisambalang,35.46665429125
Manyara,Hanang,Gitting,35.418480465
Manyara,Hanang,Hidet,35.52206099166667
Manyara,Hanang,Hirbadaw,34.92458354714286
Manyara,Hanang,Laghanga,35.048525645
Manyara,Hanang,Masakta,35.535990319375
Manyara,Hanang,Masqaroda,35.554989085625
Manyara,Hanang,Measkron,35.487973990606065
Manyara,Hanang,Mogitu,35.34666541222222
Manyara,Hanang,Nangwa,35.46037543866667
Manyara,Hanang,Simbay,35.56164294
Manyara,Hanang,Sirop,35.63094633
Manyara,Kiteto,Bwagamoyo,36.569120102727275
Manyara,Kiteto,Dongo,36.789241478571434
Manyara,Kiteto,Dosidosi,36.42581201
Manyara,Kiteto,Engusero,36.457182321875
Manyara,Kiteto,Kibaya,36.55863023571428
Manyara,Kiteto,Kijungu,37.1822464372
Manyara,Kiteto,Lengatei,37.163231243913046
Manyara,Kiteto,Makame,36.59361243071429
Manyara,Kiteto,Matui,36.31229219
Manyara,Kiteto,Ndedo,36.79007624285714
Manyara,Kiteto,Njoro,36.49662234857143
Manyara,Kiteto,Olbolot,36.29210896
Manyara,Kiteto,Partimbo,36.544129975
Manyara,Kiteto,Songambele,36.55155593166667
Manyara,Kiteto,Sunya,37.063804274166664
Manyara,Mbulu,Bargish,35.547260455
Manyara,Mbulu,Bashay,35.2852850344
Manyara,Mbulu,Daudi,35.55705603277778
Manyara,Mbulu,Dongobesh,35.359329368536585
Manyara,Mbulu,Gehandu,35.600044295555556
Manyara,Mbulu,Haidom,35.01588467466667
Manyara,Mbulu,Kainam,35.58727665666667
Manyara,Mbulu,Maghang,35.116499813333334
Manyara,Mbulu,Maretadu,35.20021649342857
Manyara,Mbulu,Masieda,35.4012513775
Manyara,Mbulu,Mbulu Urban,35.54020468428571
Manyara,Mbulu,Murray,35.553230995
Manyara,Mbulu,Sanu,35.49198571137931
Manyara,Mbulu,Tlawi,35.417507293
Manyara,Mbulu,Tumati,35.41559913142857
Manyara,Mbulu,Yaeda Chini,35.17787259214286
Manyara,Simanjiro,Loibor Siret,36.003263292549015
Manyara,Simanjiro,Loibor Soit,37.480651952222225
Manyara,Simanjiro,Mererani,37.04463517188679
Manyara,Simanjiro,Msitu wa Tembo,37.31721343654545
Manyara,Simanjiro,Naberera,37.050423777647055
Manyara,Simanjiro,Ngorika,37.453988483
Manyara,Simanjiro,Oljoro,36.683361878333336
Manyara,Simanjiro,Orkesumet,37.20118450588235
Manyara,Simanjiro,Ruvu Remit,37.730630506666664
Manyara,Simanjiro,Shambarai,36.892591690487805
Manyara,Simanjiro,Terrat,36.686867277
Mara,Bunda,Bunda,33.864554743
Mara,Bunda,Butimba,33.60979288821429
Mara,Bunda,Hunyari,34.105571694
Mara,Bunda,Igundu,33.375347697692305
Mara,Bunda,Iramba,33.41210443
Mara,Bunda,Kabasa,33.822713
Mara,Bunda,Kibara,33.44149390673913
Mara,Bunda,Kisorya,33.23341503857143
Mara,Bunda,Mcharo,33.98205195047619
Mara,Bunda,Nansimo,33.38090468285714
Mara,Bunda,Neruma,33.509214425555555
Mara,Bunda,Nyamhula,33.51113656638889
Mara,Bunda,Nyamuswa,34.02809177692308
Mara,Bunda,Salama,34.103490765000004
Mara,Bunda,Sazira,33.90712312318182
Mara,Bunda,Wariku,33.78515149692308
Mara,Musoma Rural,Bugwema,33.594982146
Mara,Musoma Rural,Buhemba,34.09748704125
Mara,Musoma Rural,Bukabwa,33.93280661714286
Mara,Musoma Rural,Bukima,33.420806895714286
Mara,Musoma Rural,Bukumi,33.32584086
Mara,Musoma Rural,Buruma,33.85928445941176
Mara,Musoma Rural,Buswahili,34.195959540909094
Mara,Musoma Rural,Butiama,33.982538038181815
Mara,Musoma Rural,Butuguri,33.93557047583334
Mara,Musoma Rural,Bwasi,33.38521945142857
Mara,Musoma Rural,Bwiregi,34.036376147878784
Mara,Musoma Rural,Etaro,33.72181956588235
Mara,Musoma Rural,Kukirango,33.828443032307696
Mara,Musoma Rural,Kyanyari,33.82972465428571
Mara,Musoma Rural,Makojo,33.394887986
Mara,Musoma Rural,Masaba,33.98149092956522
Mara,Musoma Rural,Mugango,33.69038174375
Mara,Musoma Rural,Murangi,33.52120556555556
Mara,Musoma Rural,Muriaza,34.00387824538462
Mara,Musoma Rural,Nyakatende,33.730414366153845
Mara,Musoma Rural,Nyambono,33.701692334117645
Mara,Musoma Rural,Nyamimange,34.14441372125
Mara,Musoma Rural,Nyamrandirira,33.57223693555555
Mara,Musoma Rural,Nyankanga,33.84549022235294
Mara,Musoma Rural,Suguti,33.662182975
Mara,Musoma Rural,Tegeruka,33.725642734285714
Mara,Rorya,Bukwe,34.233325158
Mara,Rorya,Kigunga,34.08930446916667
Mara,Rorya,Kirongo,34.00509803
Mara,Rorya,Kisumwa,34.10792454
Mara,Rorya,Kitembe,34.18568386
Mara,Rorya,Komuge,33.94187059
Mara,Rorya,Koryo,34.21547457941176
Mara,Rorya,Kyang'ombe,33.91631370318182
Mara,Rorya,Mirare,34.21302288363636
Mara,Rorya,Mkoma,34.05298330729167
Mara,Rorya,Nyahongo,33.99183100166667
Mara,Rorya,Nyamagaro,33.90322515545454
Mara,Rorya,Nyamtinga,33.98508148
Mara,Rorya,Nyamunga,33.825210165
Mara,Rorya,Nyathorogo,34.1574456315
Mara,Rorya,Rabuor,34.023047743333336
Mara,Serengeti,Busawe,34.39181803057692
Mara,Serengeti,Ikoma,34.866029586
Mara,Serengeti,Issenye,34.34919571
Mara,Serengeti,Kebanchabancha,34.561585192439026
Mara,Serengeti,Kenyamonta,34.28349167597701
Mara,Serengeti,Kisaka,34.49120295857143
Mara,Serengeti,Kisangura,34.74020932173913
Mara,Serengeti,Kyambahi,34.61141182068965
Mara,Serengeti,Machochwe,34.7023378158
Mara,Serengeti,Manchira,34.70430427111111
Mara,Serengeti,Mugumu Urban,34.67289567453125
Mara,Serengeti,Natta,34.56016881985915
Mara,Serengeti,Nyamatare,34.40591931377359
Mara,Serengeti,Nyambureti,34.33056093764706
Mara,Serengeti,Nyamoko,34.6198613121875
Mara,Serengeti,Rigicha,34.35148376655173
Mara,Serengeti,Ring'wani,34.37032342342857
Mara,Serengeti,Rung'bure,34.619454307894735
Mara,Tarime,Binagi,34.4418100297619
Mara,Tarime,Bukura,34.0968988125
Mara,Tarime,Bumera,34.27737312666667
Mara,Tarime,Goribe,34.26039423666666
Mara,Tarime,Ikoma,34.34281838
Mara,Tarime,Kemambo,34.536004215
Mara,Tarime,Kibasuka,34.508900161666666
Mara,Tarime,Manga,34.22921711666667
Mara,Tarime,Matongo,34.50992240777778
Mara,Tarime,Muriba,34.647786880000005
Mara,Tarime,Nyakonga,34.557883510555556
Mara,Tarime,Nyamwaga,34.58729180875
Mara,Tarime,Nyandoto,34.34040812857143
Mara,Tarime,Nyanungu,34.68324921999999
Mara,Tarime,Nyarero,34.509429517777775
Mara,Tarime,Nyarokoba,34.61061479333333
Mara,Tarime,Pemba,34.51062438333333
Mara,Tarime,Roche,34.1621010975
Mara,Tarime,Serengeti National Park,34.729806222
Mara,Tarime,Sirari,34.459157535555555
Mara,Tarime,Tai,34.072889849565215
Mara,Tarime,Turwa,34.399818218125
Mbeya,Chunya,Chalangwa,33.56482333625
Mbeya,Chunya,Chokaa,33.45269952
Mbeya,Chunya,Galula,32.99904944777778
Mbeya,Chunya,Gua,32.491190769999996
Mbeya,Chunya,Ifumbo,33.28417899090909
Mbeya,Chunya,Itewe,33.355505914999995
Mbeya,Chunya,Kambikatoto,33.488462925
Mbeya,Chunya,Kanga,33.11125805813953
Mbeya,Chunya,Kapalala,32.66779563
Mbeya,Chunya,Lupa tingatinga,33.249094441
Mbeya,Chunya,Luwalaje,33.53892184
Mbeya,Chunya,Mafyeko,33.434624462
Mbeya,Chunya,Makongorosi,33.18357224333333
Mbeya,Chunya,Mamba,33.25395879571429
Mbeya,Chunya,Matwiga,33.35363709
Mbeya,Chunya,Mbangala,32.98950786210526
Mbeya,Chunya,Mbugani,33.44429638709678
Mbeya,Chunya,Mbuyuni,33.02002658606061
Mbeya,Chunya,Mkwajuni,33.049614489999996
Mbeya,Chunya,Mtanila,33.31561266833334
Mbeya,Chunya,Ngwala,32.8129995225
Mbeya,Ileje,Bupigu,33.31931147117647
Mbeya,Ileje,Chitete,33.05571833111111
Mbeya,Ileje,Ikinga,33.68867375529412
Mbeya,Ileje,Isongole,33.16596107869565
Mbeya,Ileje,Itumba,33.1173924675
Mbeya,Ileje,Kafule,33.493585535
Mbeya,Ileje,Luswisi,33.521168398
Mbeya,Ileje,Malangali,33.457987465
Mbeya,Ileje,Mbebe,32.960519698947365
Mbeya,Ileje,Ndola,33.2412380727027
Mbeya,Kyela,Bujonde,33.92015063265306
Mbeya,Kyela,Busole,33.757811148875
Mbeya,Kyela,Ikama,33.8867963844186
Mbeya,Kyela,Ikolo,33.840615551343284
Mbeya,Kyela,Ipande,33.808558382875
Mbeya,Kyela,Ipinda,33.89624062612903
Mbeya,Kyela,Kajunjumele,33.92926626923077
Mbeya,Kyela,Katumbasongwe,33.84602031283019
Mbeya,Kyela,Kyela Urban,33.874619497111105
Mbeya,Kyela,Lusungo,33.95227358822581
Mbeya,Kyela,Makwale,33.935014053653845
Mbeya,Kyela,Matema,33.99596748532258
Mbeya,Kyela,Mwaya,33.85626997553191
Mbeya,Kyela,Ngana,33.727326561764706
Mbeya,Kyela,Ngonga,33.919018636829264
Mbeya,Mbarali,Chimala,34.031911234090906
Mbeya,Mbarali,Igurusi,33.83306607883117
Mbeya,Mbarali,Madibira,34.79244673034483
Mbeya,Mbarali,Mahongole,33.71030225
Mbeya,Mbarali,Mapogoro,34.19135386915663
Mbeya,Mbarali,Mawindi,34.481213304193545
Mbeya,Mbarali,Ruiwa,33.644705287142855
Mbeya,Mbarali,Rujewa,34.37198399366666
Mbeya,Mbarali,Ubaruku,34.29572501406977
Mbeya,Mbarali,Utengule Usangu,33.852295948292685
Mbeya,Mbeya Rural,Bonde la Songwe,33.26727722535714
Mbeya,Mbeya Rural,Igale,33.54105425636364
Mbeya,Mbeya Rural,Ihango,33.4509321775
Mbeya,Mbeya Rural,Ijombe,33.582757726666664
Mbeya,Mbeya Rural,Ilembo,33.354059486153844
Mbeya,Mbeya Rural,Ilungu,33.74757654565217
Mbeya,Mbeya Rural,Inyala,33.626274715526314
Mbeya,Mbeya Rural,Isuto,33.277409855
Mbeya,Mbeya Rural,Iwiji,33.167541336333336
Mbeya,Mbeya Rural,Iwindi,33.316105584545454
Mbeya,Mbeya Rural,Iyunga mapinduzi,33.40562770125
Mbeya,Mbeya Rural,Mshewe,33.23721979175
Mbeya,Mbeya Rural,Santilya,33.384708073333336
Mbeya,Mbeya Rural,Tembela,33.654211197407406
Mbeya,Mbeya Rural,Ulenje,33.678591924246575
Mbeya,Mbeya Rural,Utengule Usongwe,33.34570877415094
Mbeya,Mbozi,Chilulumo,32.338697784375
Mbeya,Mbozi,Chiwezi,32.86604158763158
Mbeya,Mbozi,Halungu,32.8542155258
Mbeya,Mbozi,Igamba,32.94011102078948
Mbeya,Mbozi,Ihanda,32.8242839348
Mbeya,Mbozi,Isandula,32.90375614138889
Mbeya,Mbozi,Isansa,32.97385243289855
Mbeya,Mbozi,Itaka,32.76241056238095
Mbeya,Mbozi,Ivuna,32.490893570000004
Mbeya,Mbozi,Iyula,33.16141251522389
Mbeya,Mbozi,Kamsamba,32.32722641611111
Mbeya,Mbozi,Kapele,32.17352133000001
Mbeya,Mbozi,Mlangali,33.0653304256
Mbeya,Mbozi,Mlowo,32.97315375064516
Mbeya,Mbozi,Msangano,32.58121065210526
Mbeya,Mbozi,Msia,32.83087289938271
Mbeya,Mbozi,Myovizi,33.06048428431372
Mbeya,Mbozi,Myunga,32.24788015166667
Mbeya,Mbozi,Nambinzo,32.68906462105263
Mbeya,Mbozi,Ndalambo,32.50403568140351
Mbeya,Mbozi,Nkangamo,32.658335958461535
Mbeya,Mbozi,Nyimbili,33.06405862308642
Mbeya,Mbozi,Ruanda,33.159199394285714
Mbeya,Mbozi,Tunduma,32.80509679
Mbeya,Rungwe,Ikuti,33.529388758888885
Mbeya,Rungwe,Ilima,33.66966735443038
Mbeya,Rungwe,Isange,33.82744456848484
Mbeya,Rungwe,Isongole,33.5896837822093
Mbeya,Rungwe,Itete,33.86770098483146
Mbeya,Rungwe,Kabula,33.79806696
Mbeya,Rungwe,Kambasegese,33.822270359444445
Mbeya,Rungwe,Kandete,33.78202821543478
Mbeya,Rungwe,Katumba,33.63548008357143
Mbeya,Rungwe,Kinyala,33.492456742499996
Mbeya,Rungwe,Kisegese,33.892209663555555
Mbeya,Rungwe,Kisondela,33.61540642490566
Mbeya,Rungwe,Kiwira,33.55004745824324
Mbeya,Rungwe,Kyimo,33.60298975671233
Mbeya,Rungwe,Lufilyo,33.89629968017857
Mbeya,Rungwe,Lufingo,33.572903557464784
Mbeya,Rungwe,Lupata,33.822943599333335
Mbeya,Rungwe,Lutebe,33.80740616461539
Mbeya,Rungwe,Lwangwa,33.83802044884058
Mbeya,Rungwe,Masukulu,33.79640963
Mbeya,Rungwe,Mpondo,33.80466695916667
Mbeya,Rungwe,Mpuguso,33.6520046060241
Mbeya,Rungwe,Suma,33.702012595681815
Morogoro,Kilombero,Chisano,35.858372914444445
Morogoro,Kilombero,Chita,35.953141283225804
Morogoro,Kilombero,Idete,36.46050822488889
Morogoro,Kilombero,Ifakara,36.68631841910448
Morogoro,Kilombero,Kibaoni,36.706028053033705
Morogoro,Kilombero,Kiberege,36.841905162
Morogoro,Kilombero,Kidatu,36.986642400701754
Morogoro,Kilombero,Kisawasawa,36.88040817176471
Morogoro,Kilombero,Lumemo,36.650549821235956
Morogoro,Kilombero,Mang'ula,36.9040165143956
Morogoro,Kilombero,Masagati,35.637266239285715
Morogoro,Kilombero,Mbingu,36.24553318038461
Morogoro,Kilombero,Mchombe,36.107470659347825
Morogoro,Kilombero,Mkula,36.90789024307692
Morogoro,Kilombero,Mlimba,35.806880127571425
Morogoro,Kilombero,Mofu,36.34868727238095
Morogoro,Kilombero,Sanje,36.923253808620686
Morogoro,Kilombero,Uchindile,35.36537715
Morogoro,Kilombero,Utengule,35.8518562647619
Morogoro,Kilosa,Berega,37.11946518914286
Morogoro,Kilosa,Chakwale,37.01174164391892
Morogoro,Kilosa,Chanzuru,37.146231054186046
Morogoro,Kilosa,Dumila,37.310940220333336
Morogoro,Kilosa,Gairo,36.85842186125
Morogoro,Kilosa,Iyogwe,37.278907593999996
Morogoro,Kilosa,Kibedya,36.92343340947368
Morogoro,Kilosa,Kidete,36.73191636333334
Morogoro,Kilosa,Kidodi,36.997077586202536
Morogoro,Kilosa,Kilangali,37.06542365227273
Morogoro,Kilosa,Kimamba A,37.138242
Morogoro,Kilosa,Kimamba B,37.13995026074074
Morogoro,Kilosa,Kisanga,36.765564994
Morogoro,Kilosa,Lumbiji,36.91747411
Morogoro,Kilosa,Lumuma,36.6526804325
Morogoro,Kilosa,Mabwerebwere,37.07199804735294
Morogoro,Kilosa,Magole,37.39017701033333
Morogoro,Kilosa,Magubike,37.18670119714286
Morogoro,Kilosa,Malolo,36.543273928888894
Morogoro,Kilosa,Mamboya,37.0026068665625
Morogoro,Kilosa,Masanze,36.920904016363636
Morogoro,Kilosa,Mikumi,36.95846660627907
Morogoro,Kilosa,Msowero,37.20923515948718
Morogoro,Kilosa,Rubeho,36.85734851245283
Morogoro,Kilosa,Rudewa,37.10552532733333
Morogoro,Kilosa,Ruhembe,37.0426262028421
Morogoro,Kilosa,Ulaya,36.91968854428571
Morogoro,Kilosa,Zombo,36.9133167108
Morogoro,Morogoro Rural,Bwakila Chini,37.75584669212121
Morogoro,Morogoro Rural,Bwakila Juu,37.695752119999995
Morogoro,Morogoro Rural,Kidugalo,38.2144121515625
Morogoro,Morogoro Rural,Kinole,37.75743260461539
Morogoro,Morogoro Rural,Kiroka,37.85988509913044
Morogoro,Morogoro Rural,Kisaki,37.62253098142857
Morogoro,Morogoro Rural,Kisemu,37.77713769224138
Morogoro,Morogoro Rural,Kolero,37.77347864523809
Morogoro,Morogoro Rural,Lundi,37.822748168125
Morogoro,Morogoro Rural,Mkambalani,37.81650740925926
Morogoro,Morogoro Rural,Mkulazi,38.30396976
Morogoro,Morogoro Rural,Mkuyuni,37.81408217769231
Morogoro,Morogoro Rural,Mngazi,37.65197184
Morogoro,Morogoro Rural,Mtombozi,37.774469867058826
Morogoro,Morogoro Rural,Mvuha,37.867364239736844
Morogoro,Morogoro Rural,Ngerengere,38.15011155533333
Morogoro,Morogoro Rural,Selambala,38.00064369304348
Morogoro,Morogoro Rural,Tawa,37.729684382
Morogoro,Morogoro Rural,Tununguo,37.95845296777778
Morogoro,Morogoro Urban,Bigwa,37.72601945769231
Morogoro,Morogoro Urban,Boma,37.676192785
Morogoro,Morogoro Urban,Kihonda,37.64244896608695
Morogoro,Morogoro Urban,Kilakala,37.68543195833333
Morogoro,Morogoro Urban,Kingolwira,37.75000302666667
Morogoro,Morogoro Urban,Mazimbu,37.61282921666666
Morogoro,Morogoro Urban,Mbuyuni,37.654216197333334
Morogoro,Morogoro Urban,Mlimani,37.6667264
Morogoro,Morogoro Urban,Mwembesongo,37.64411225
Morogoro,Morogoro Urban,Mzinga,37.607369283000004
Morogoro,Morogoro Urban,Uwanja wa Ndege,37.63754178
Morogoro,Mvomero,Bunduki,37.57188542833333
Morogoro,Mvomero,Diongoya,37.62426802737864
Morogoro,Mvomero,Doma,37.28615682829787
Morogoro,Mvomero,Hembeti,37.53574026514286
Morogoro,Mvomero,Kanga,37.73752022509804
Morogoro,Mvomero,Kibati,37.44170653375
Morogoro,Mvomero,Langali,37.5768898425
Morogoro,Mvomero,Maskati,37.409050185
Morogoro,Mvomero,Melela,37.406019621951216
Morogoro,Mvomero,Mhonda,37.57784507363636
Morogoro,Mvomero,Mlali,37.53381415979592
Morogoro,Mvomero,Mtibwa,37.6655213972973
Morogoro,Mvomero,Mvomero,37.46702283643411
Morogoro,Mvomero,Mzumbe,37.54471590944444
Morogoro,Mvomero,Sungaji,37.590695151851854
Morogoro,Mvomero,Tchenzema,37.575087797142864
Morogoro,Ulanga,Biro,36.046472788125
Morogoro,Ulanga,Chirombola,36.74406020153846
Morogoro,Ulanga,Euga,36.76039299529412
Morogoro,Ulanga,Ilonga,36.805785535
Morogoro,Ulanga,Iragua,36.510425893000004
Morogoro,Ulanga,Isongo,36.720257368260874
Morogoro,Ulanga,Itete,36.41074620270833
Morogoro,Ulanga,Kichangani,36.687285857058825
Morogoro,Ulanga,Kilosa Mpepo,36.007429349285715
Morogoro,Ulanga,Lukande,36.82302558692308
Morogoro,Ulanga,Lupiro,36.66609992564103
Morogoro,Ulanga,Malinyi,36.14637212791667
Morogoro,Ulanga,Mbuga,36.861963735
Morogoro,Ulanga,Minepa,36.68227056447368
Morogoro,Ulanga,Msogezi,36.67730780111111
Morogoro,Ulanga,Mtimbira,36.36699160535714
Morogoro,Ulanga,Mwaya,36.82196316615385
Morogoro,Ulanga,Ngoheranga,35.99935927
Morogoro,Ulanga,Ruaha,36.71492725481482
Morogoro,Ulanga,Sali,36.69653517
Morogoro,Ulanga,Sofi,36.278453599473686
Morogoro,Ulanga,Usangule,36.35006117022727
Morogoro,Ulanga,Vigoi,36.70380850318182
Mtwara,Masasi,Chigungu,38.92044006214286
Mtwara,Masasi,Chiugutwa,38.964773390000005
Mtwara,Masasi,Lipumburu,38.895976561333335
Mtwara,Masasi,Lukulendi,38.7195955368421
Mtwara,Masasi,Lulindi,39.11970663672414
Mtwara,Masasi,Mbuyuni,39.048151034444444
Mtwara,Masasi,Mchauru,39.161940985
Mtwara,Masasi,Mkululu,39.09245226071429
Mtwara,Masasi,Mkundi,39.079206740000004
Mtwara,Masasi,Mnavira,39.28363231380953
Mtwara,Masasi,Mpindimbi,38.973363158
Mtwara,Masasi,Mwena,39.00279873212766
Mtwara,Masasi,Namajani,38.647803585
Mtwara,Masasi,Namalenga,39.12536538225806
Mtwara,Masasi,Namatutwe,38.53536257333334
Mtwara,Masasi,Nanganga,39.14708852434783
Mtwara,Masasi,Nanjota,38.984643908181816
Mtwara,Masasi,Sindano,39.073710826
Mtwara,Mtwara Rural,Chawi,40.11989552043478
Mtwara,Mtwara Rural,Dihimba,39.97384256
Mtwara,Mtwara Rural,Kiromba,40.01398401263158
Mtwara,Mtwara Rural,Kitaya,40.15194444181818
Mtwara,Mtwara Rural,Kitere,39.784338082941176
Mtwara,Mtwara Rural,Madimba,40.297032377142855
Mtwara,Mtwara Rural,Mahurunga,40.29386209794872
Mtwara,Mtwara Rural,Mayanga,40.06747352666667
Mtwara,Mtwara Rural,Mnima,39.79428212733333
Mtwara,Mtwara Rural,Mtiniko,39.91249295363636
Mtwara,Mtwara Rural,Namtuhuka,39.87969552166667
Mtwara,Mtwara Rural,Nanguruwe,40.11299360115385
Mtwara,Mtwara Rural,Nanyamba,39.79398837166667
Mtwara,Mtwara Rural,Naumbu,40.058281112083336
Mtwara,Mtwara Rural,Ndumbwe,39.938177276666664
Mtwara,Mtwara Rural,Nitekela,39.70935672857143
Mtwara,Mtwara Rural,Njengwa,39.76236275038461
Mtwara,Mtwara Rural,Ziwani,40.2442774834375
Mtwara,Mtwara Urban,Chikongola,40.184006184
Mtwara,Mtwara Urban,Chuno,40.156949728
Mtwara,Mtwara Urban,Jangwani,40.099172973571434
Mtwara,Mtwara Urban,Likombe,40.20555159851852
Mtwara,Mtwara Urban,Magengeni,40.117243935714285
Mtwara,Mtwara Urban,Majengo,40.19161942
Mtwara,Mtwara Urban,Mitengo,40.1327961975
Mtwara,Mtwara Urban,Mtonya,40.11291548
Mtwara,Mtwara Urban,Railway,40.191523858
Mtwara,Mtwara Urban,Shangani,40.182105055
Mtwara,Mtwara Urban,Ufukoni,40.15052393405406
Mtwara,Mtwara Urban,Vigaeni,40.188763977142855
Mtwara,Nanyumbu,Chipuputa,38.40631607375
Mtwara,Nanyumbu,Lemasule,38.084355181250004
Mtwara,Nanyumbu,Likokona,38.19925387181818
Mtwara,Nanyumbu,Makonona,38.579222106923076
Mtwara,Nanyumbu,Maratani,38.67759987466666
Mtwara,Nanyumbu,Masuguru,38.41414579818182
Mtwara,Nanyumbu,Mikangaula,38.610805875454545
Mtwara,Nanyumbu,Nandete,38.80017577090909
Mtwara,Nanyumbu,Nangomba,38.405965431666665
Mtwara,Nanyumbu,Nanyumbu,38.4949232746875
Mtwara,Nanyumbu,Napacho,38.189835992999996
Mtwara,Nanyumbu,Sengenya,38.341250333
Mtwara,Newala,Chilangala,39.130767702
Mtwara,Newala,Chitekete,39.19615323625
Mtwara,Newala,Chiwonga,39.33512792909091
Mtwara,Newala,Kitangari,39.345163751904764
Mtwara,Newala,Luchingu,39.27637822214286
Mtwara,Newala,Makote,39.341525819
Mtwara,Newala,Makukwe,39.389453323000005
Mtwara,Newala,Malatu,39.314719620714285
Mtwara,Newala,Maputi,39.27624999863636
Mtwara,Newala,Mchemo,39.272496126470585
Mtwara,Newala,Mcholi II,39.39320410333333
Mtwara,Newala,Mkunya,39.40025979166666
Mtwara,Newala,Mkwedu,39.35547212
Mtwara,Newala,Mnekachi,39.228122626875
Mtwara,Newala,Mnyambe,39.164062120000004
Mtwara,Newala,Mpotwa,39.400318344666665
Mtwara,Newala,Namiyonga,39.32334471571429
Mtwara,Newala,Nanguruwe,39.336756895
Mtwara,Tandahimba,Chaume,39.48332998272727
Mtwara,Tandahimba,Chingungwe,39.43529271538462
Mtwara,Tandahimba,Kitama,39.73344960681818
Mtwara,Tandahimba,Luagala,39.454009297
Mtwara,Tandahimba,Lukokoda,39.519012935
Mtwara,Tandahimba,Lyenje,39.58582797533334
Mtwara,Tandahimba,Mahuta,39.44129053142858
Mtwara,Tandahimba,Maundo,39.633225568181814
Mtwara,Tandahimba,Mdimba Mnyoma,39.48375499
Mtwara,Tandahimba,Michenjele,39.848731610769235
Mtwara,Tandahimba,Mihambwe,39.77357928083333
Mtwara,Tandahimba,Milogodi,39.56978707769231
Mtwara,Tandahimba,Mkonjowano,39.531170149999994
Mtwara,Tandahimba,Mkoreha,39.745521021875
Mtwara,Tandahimba,Mkundi,39.48492642363636
Mtwara,Tandahimba,Mkwiti,39.421305509999996
Mtwara,Tandahimba,Mnyawa,39.560972687692306
Mtwara,Tandahimba,Namikupa,39.6245606225
Mtwara,Tandahimba,Nanhyanga,39.51012595
Mtwara,Tandahimba,Naputa,39.686872656999995
Mtwara,Tandahimba,Tandahimba,39.632296690000004
Mwanza,Geita,Bukoli,
Mwanza,Geita,Bukondo,
Mwanza,Geita,Bukwimba,
Mwanza,Geita,Busanda,
Mwanza,Geita,Busolwa,
Mwanza,Geita,Chigunga,
Mwanza,Geita,Ihanamilo,
Mwanza,Geita,Kafita,
Mwanza,Geita,Kagu,
Mwanza,Geita,Kakora,
Mwanza,Geita,Kalangalala,
Mwanza,Geita,Kamena,
Mwanza,Geita,Kamhanga,
Mwanza,Geita,Kasamwa,
Mwanza,Geita,Kaseme,
Mwanza,Geita,Katoro,
Mwanza,Geita,Kharumwa,
Mwanza,Geita,Lubanga,
Mwanza,Geita,Lwamgasa,
Mwanza,Geita,Mtakuja,
Mwanza,Geita,Mwingiro,
Mwanza,Geita,Nkome,
Mwanza,Geita,Nyachiluluma,
Mwanza,Geita,Nyakagomba,
Mwanza,Geita,Nyakamwaga,
Mwanza,Geita,Nyamalimbe,
Mwanza,Geita,Nyang'hwale,
Mwanza,Geita,Nyugwa,
Mwanza,Geita,Nzera,
Mwanza,Geita,Senga,
Mwanza,Geita,Shabaka,
Mwanza,Ilemela,Bugogwe,32.974117665
Mwanza,Ilemela,Buhongwa,33.18793190238095
Mwanza,Ilemela,Buswelu,32.988115183000005
Mwanza,Ilemela,Butimba,32.97568180625
Mwanza,Ilemela,Ilemela,32.96797924193548
Mwanza,Ilemela,Mkolani,32.88186768222222
Mwanza,Ilemela,Nyakato,33.13161617181818
Mwanza,Ilemela,Pasiansi,33.064746897
Mwanza,Ilemela,Sangabuye,33.0139892325
Mwanza,Kwimba,Bungulwa,33.29731133842105
Mwanza,Kwimba,Bupamwa,33.05560147875
Mwanza,Kwimba,Fukalo,33.1551935125
Mwanza,Kwimba,Hungumalwa,33.26232541727273
Mwanza,Kwimba,Igongwa,33.2449774345
Mwanza,Kwimba,Iseni,33.54960679047619
Mwanza,Kwimba,Kikubiji,33.10204021166667
Mwanza,Kwimba,Lyoma,33.44120344043478
Mwanza,Kwimba,Maligisu,33.56474079979592
Mwanza,Kwimba,Malya,33.48798242612904
Mwanza,Kwimba,Mantare,33.234502364
Mwanza,Kwimba,Mhande,33.052450592
Mwanza,Kwimba,Mwabomba,33.35772456307693
Mwanza,Kwimba,Mwagi,33.11864237863636
Mwanza,Kwimba,Mwakilyambiti,33.377947581
Mwanza,Kwimba,Mwamala,33.2218098425
Mwanza,Kwimba,Mwandu,33.46290552136364
Mwanza,Kwimba,Mwang'halanga,33.34486310131579
Mwanza,Kwimba,Ng'hundi,33.28520777421053
Mwanza,Kwimba,Ngudu,33.36585571295455
Mwanza,Kwimba,Ngulla,33.295844344
Mwanza,Kwimba,Nyambiti,33.42230071973684
Mwanza,Kwimba,Nyamilama,33.391034773777776
Mwanza,Kwimba,Sumve,33.21047332151515
Mwanza,Kwimba,Wala,33.29993573631579
Mwanza,Magu,Badugu,
Mwanza,Magu,Bujashi,33.063437673728814
Mwanza,Magu,Igalukilo,
Mwanza,Magu,Kabita,
Mwanza,Magu,Kahangara,33.358506969375
Mwanza,Magu,Kalemela,
Mwanza,Magu,Kiloleli,
Mwanza,Magu,Kisesa,33.0709493768421
Mwanza,Magu,Kitongo Sima,33.256274271276595
Mwanza,Magu,Kongolo,33.13408412131579
Mwanza,Magu,Lubugo,33.531485425
Mwanza,Magu,Lutale,32.984962197407405
Mwanza,Magu,Magu Urban,33.13193219580645
Mwanza,Magu,Malili,
Mwanza,Magu,Mkula,
Mwanza,Magu,Mwamabanza,33.41745715076923
Mwanza,Magu,Mwamanga,33.23586716538462
Mwanza,Magu,Mwananyili,
Mwanza,Magu,Ng'haya,33.6294086375
Mwanza,Magu,Ngasamo,
Mwanza,Magu,Nkungulu,33.612515929848485
Mwanza,Magu,Nyaluhande,
Mwanza,Magu,Nyanguge,33.15924976428571
Mwanza,Magu,Nyigogo,33.403815092857144
Mwanza,Magu,Shigala,
Mwanza,Magu,Shishani,33.089692561363634
Mwanza,Magu,Sukuma,33.49909089142857
Mwanza,Missungwi,Buhingo,33.01370316133333
Mwanza,Missungwi,Busongo,32.938268561
Mwanza,Missungwi,Idetemya,32.919057227857145
Mwanza,Missungwi,Ilujamate,32.844990126666666
Mwanza,Missungwi,Kanyelele,33.135506061
Mwanza,Missungwi,Kasololo,33.020051032
Mwanza,Missungwi,Kijima,33.12282217285714
Mwanza,Missungwi,Koromije,33.16477159421053
Mwanza,Missungwi,Lubiri,32.82701833666667
Mwanza,Missungwi,Mbarika,32.85911242388889
Mwanza,Missungwi,Misasi,33.08351141333333
Mwanza,Missungwi,Missungwi,33.09130310333333
Mwanza,Missungwi,Mwaniko,33.176045359722224
Mwanza,Missungwi,Nhundulu,32.888756625999996
Mwanza,Missungwi,Shilalo,33.014855194999996
Mwanza,Missungwi,Sumbugu,32.972385091875
Mwanza,Missungwi,Ukiriguru,33.04401460333333
Mwanza,Missungwi,Usagara,32.9958087112
Mwanza,Nyamagana,Igogo,32.86327083
Mwanza,Sengerema,Bupandwamhela,32.16585623173913
Mwanza,Sengerema,Busisi,32.84798758857143
Mwanza,Sengerema,Buyagu,32.756429426666664
Mwanza,Sengerema,Buzilasoga,32.738736405
Mwanza,Sengerema,Chifunfu,32.626122355
Mwanza,Sengerema,Igalula,32.696011386923075
Mwanza,Sengerema,Kafunzo,32.20193486857143
Mwanza,Sengerema,Kagunga,32.63663865875
Mwanza,Sengerema,Kalebezo,32.355649084782605
Mwanza,Sengerema,Kasungamile,32.71157988631579
Mwanza,Sengerema,Katunguru,32.7001436840625
Mwanza,Sengerema,Katwe,32.10185094535714
Mwanza,Sengerema,Kazunzu,32.268463658125
Mwanza,Sengerema,Lugata,32.44228918583333
Mwanza,Sengerema,Nyakalilo,32.41279488714286
Mwanza,Sengerema,Nyakasasa,32.7301080835
Mwanza,Sengerema,Nyakasungwa,32.477248924
Mwanza,Sengerema,Nyamatongo,32.8099474408
Mwanza,Sengerema,Nyanzenda,32.757563032608694
Mwanza,Sengerema,Nyehunge,32.27166531565217
Mwanza,Sengerema,Sima,32.572080575
Mwanza,Sengerema,Tabaruka,32.728057831
Mwanza,Ukerewe,Bukanda,33.033014102380946
Mwanza,Ukerewe,Bukiko,33.242137354
Mwanza,Ukerewe,Bukindo,33.118031246
Mwanza,Ukerewe,Bukongo,33.08859271222222
Mwanza,Ukerewe,Bwiro,32.920895905
Mwanza,Ukerewe,Bwisya,33.02673355043478
Mwanza,Ukerewe,Igalla,32.95218663235294
Mwanza,Ukerewe,Ilangala,32.88920182413793
Mwanza,Ukerewe,Karenge,33.065963120999996
Mwanza,Ukerewe,Mukituntu,32.99892994452381
Mwanza,Ukerewe,Muriti,32.90930521935484
Mwanza,Ukerewe,Murutunguru,33.051916737105266
Mwanza,Ukerewe,Nakatuguru,33.076989852
Mwanza,Ukerewe,Namagondo,33.050514574
Mwanza,Ukerewe,Namilembe,32.917148411851855
Mwanza,Ukerewe,Nduruma,32.97996943416667
Mwanza,Ukerewe,Ngoma,33.13273722333333
Mwanza,Ukerewe,Nkilizya,33.103299338125
Pwani,Bagamoyo,Chalinze,38.35084931765306
Pwani,Bagamoyo,Dunda,38.90855484666667
Pwani,Bagamoyo,Kibindu,37.960167053999996
Pwani,Bagamoyo,Kiromo,38.91775097392857
Pwani,Bagamoyo,Kiwangwa,38.62049492736842
Pwani,Bagamoyo,Lugoba,38.32183581973684
Pwani,Bagamoyo,Magomeni,38.887021934370374
Pwani,Bagamoyo,Mbwewe,38.24582778527778
Pwani,Bagamoyo,Miono,38.4100504845
Pwani,Bagamoyo,Mkange,38.65830523
Pwani,Bagamoyo,Msata,38.380056816438355
Pwani,Bagamoyo,Talawanda,38.455338268000006
Pwani,Bagamoyo,Ubenazamozi,38.183829875
Pwani,Bagamoyo,Vigwaza,38.680932948846156
Pwani,Bagamoyo,Yombo,38.84360121566038
Pwani,Bagamoyo,Zinga/Ikerege,39.003407400921986
Pwani,Kibaha,Kibaha,38.89052220931035
Pwani,Kibaha,Kwala,38.574380954166664
Pwani,Kibaha,Magindu,38.32377337
Pwani,Kibaha,Mailimoja,38.99208403294118
Pwani,Kibaha,Mlandizi,38.744385268181816
Pwani,Kibaha,Ruvu,38.676416662592594
Pwani,Kibaha,Soga,38.86285009757282
Pwani,Kibaha,Tumbi,38.9918626864
Pwani,Kibaha,Visiga,38.79944296976744
Pwani,Kisarawe,Cholesamvula,38.65677252333334
Pwani,Kisarawe,Kibuta,38.918411884117646
Pwani,Kisarawe,Kiluvya,39.01851218833334
Pwani,Kisarawe,Kisarawe,39.03424476833333
Pwani,Kisarawe,Kurui,38.733677223125
Pwani,Kisarawe,Mafinzi,38.5218263
Pwani,Kisarawe,Maneromango,38.78991886791667
Pwani,Kisarawe,Marui,38.699940988
Pwani,Kisarawe,Marumbo,38.836897426
Pwani,Kisarawe,Masaki,38.97170439928571
Pwani,Kisarawe,Msanga,38.780080764375
Pwani,Kisarawe,Msimbu,39.015917602500004
Pwani,Kisarawe,Mzenga,38.72348701146341
Pwani,Kisarawe,Vihingo,38.742756106
Pwani,Kisarawe,Vikumbulu,38.596417965
Pwani,Mafia,Baleni,39.784713373636365
Pwani,Mafia,Jibondo,39.73903369
Pwani,Mafia,Kanga,39.86172584090909
Pwani,Mafia,Kiegeani,39.72867862909091
Pwani,Mafia,Kilindoni,39.66243486978723
Pwani,Mafia,Kirongwe,39.834426439411764
Pwani,Mafia,Mibulani,39.647645431
Pwani,Mkuranga,Bupu,39.04667206928571
Pwani,Mkuranga,Kimanzichana,39.0827344025
Pwani,Mkuranga,Kisiju,39.297478816
Pwani,Mkuranga,Kitomondo,39.1965742825
Pwani,Mkuranga,Lukanga,39.17926460071429
Pwani,Mkuranga,Magawa,39.20262775814815
Pwani,Mkuranga,Mbezi,39.26272102685714
Pwani,Mkuranga,Mkamba,39.00147388787879
Pwani,Mkuranga,Mkuranga,39.16388183962963
Pwani,Mkuranga,Mwalusembe,39.15357938705883
Pwani,Mkuranga,Nyamato,39.0975697356
Pwani,Mkuranga,Panzuo,38.94019465291667
Pwani,Mkuranga,Shungubweni,39.39655894571428
Pwani,Mkuranga,Tambani,39.223676892115385
Pwani,Mkuranga,Vikindu,39.3220031858642
Pwani,Rufiji,Bungu,39.07989299459016
Pwani,Rufiji,Chumbi,39.155104765000004
Pwani,Rufiji,Ikwiriri,38.980873338
Pwani,Rufiji,Kibiti,38.92809503101695
Pwani,Rufiji,Mahege,39.20303497324324
Pwani,Rufiji,Mbwara,38.9919307775
Pwani,Rufiji,Mchukwi,39.018134264615384
Pwani,Rufiji,Mkongo,38.780258240487804
Pwani,Rufiji,Mwaseni,38.272385535428576
Pwani,Rufiji,Ngorongo,38.584431943125004
Pwani,Rufiji,Ruaruke,39.15979706666667
Pwani,Rufiji,Salale,39.27368001875
Pwani,Rufiji,Umwe,39.152992379411764
Pwani,Rufiji,Utete,38.714059705846154
Rukwa,Mpanda,Ikola,30.406205474482757
Rukwa,Mpanda,Ilela,32.10647325352941
Rukwa,Mpanda,Ilembo,31.072615555
Rukwa,Mpanda,Ilunde,32.48411357
Rukwa,Mpanda,Inyonga,32.03882732333333
Rukwa,Mpanda,Kabungu,30.97502604583333
Rukwa,Mpanda,Karema,30.459590047916667
Rukwa,Mpanda,Kashaulili,31.07080202818182
Rukwa,Mpanda,Kasokola,31.079847447727275
Rukwa,Mpanda,Katuma,30.733715194000002
Rukwa,Mpanda,Katumba,31.23149055680851
Rukwa,Mpanda,Kawajense,31.07999912
Rukwa,Mpanda,Kibaoni,31.138682935555558
Rukwa,Mpanda,Machimboni,31.06183387
Rukwa,Mpanda,Magamba,31.09060516272727
Rukwa,Mpanda,Mamba,31.379872012580645
Rukwa,Mpanda,Mbede,31.36566911875
Rukwa,Mpanda,Mishamo,30.45326929812808
Rukwa,Mpanda,Misunkumilo,31.051166755
Rukwa,Mpanda,Mpanda Ndogo,30.976585162666666
Rukwa,Mpanda,Mtapenda,31.20853594263158
Rukwa,Mpanda,Mwese,30.331895766666666
Rukwa,Mpanda,Nsemulwa,31.09174078
Rukwa,Mpanda,Nsimbo,31.20601141464286
Rukwa,Mpanda,Shanwe,31.06354127875
Rukwa,Mpanda,Sitalike,31.13301406923077
Rukwa,Mpanda,Ugala,31.156214765
Rukwa,Mpanda,Urwira,31.354286361
Rukwa,Mpanda,Usevya,31.235235983333336
Rukwa,Mpanda,Utende,31.996334959375
Rukwa,Nkasi,Chala,31.285859793076924
Rukwa,Nkasi,Isale,31.10857398387097
Rukwa,Nkasi,Kabwe,30.552580089024392
Rukwa,Nkasi,Kala,30.99643538727273
Rukwa,Nkasi,Kate,31.22517299230769
Rukwa,Nkasi,Kipande,31.386039043793104
Rukwa,Nkasi,Kirando,30.62452010825
Rukwa,Nkasi,Mkwamba,31.355611352307694
Rukwa,Nkasi,Mtenga,31.110624462142855
Rukwa,Nkasi,Namanyere,31.05231892296875
Rukwa,Nkasi,Sintali,31.332134001666663
Rukwa,Nkasi,Wampelembe,30.852084425454542
Rukwa,Sumbawanga Rural,Kalambazite,32.047874328947366
Rukwa,Sumbawanga Rural,Kasanga,31.2063390405
Rukwa,Sumbawanga Rural,Katazi,31.79603101625
Rukwa,Sumbawanga Rural,Kipeta,32.31283184375
Rukwa,Sumbawanga Rural,Laela,32.01375559035714
Rukwa,Sumbawanga Rural,Legezamwendo,32.04070133
Rukwa,Sumbawanga Rural,Mambwekenya,31.733984799
Rukwa,Sumbawanga Rural,Mambwenkoswe,32.043564939090906
Rukwa,Sumbawanga Rural,Matai,31.524044166875
Rukwa,Sumbawanga Rural,Miangalua,32.11374450131579
Rukwa,Sumbawanga Rural,Milepa,31.9340200625
Rukwa,Sumbawanga Rural,Mkowe,31.38817088375
Rukwa,Sumbawanga Rural,Mpui,31.827724887
Rukwa,Sumbawanga Rural,Msanzi,31.493028129183674
Rukwa,Sumbawanga Rural,Mtowisa,31.771212374999998
Rukwa,Sumbawanga Rural,Muze,31.51825445714286
Rukwa,Sumbawanga Rural,Mwazye,31.713645599090906
Rukwa,Sumbawanga Rural,Mwimbi,31.7043764195
Rukwa,Sumbawanga Rural,Sandulula,31.83803680037037
Rukwa,Sumbawanga Rural,Sopa,31.49532793259259
Rukwa,Sumbawanga Urban,Izia,31.63268744
Rukwa,Sumbawanga Urban,Kasense,31.50485329714286
Rukwa,Sumbawanga Urban,Katandala,31.61887596
Rukwa,Sumbawanga Urban,Malangali,31.599782926
Rukwa,Sumbawanga Urban,Matanga,31.512286334444443
Rukwa,Sumbawanga Urban,Mazwi,31.6128395
Rukwa,Sumbawanga Urban,Milanzi,31.603876445238093
Rukwa,Sumbawanga Urban,Mollo,31.711879568
Rukwa,Sumbawanga Urban,Ntendo,31.5183611775
Rukwa,Sumbawanga Urban,Old Sumbawanga,31.630250493809523
Rukwa,Sumbawanga Urban,Pito,31.657485810606058
Rukwa,Sumbawanga Urban,Senga,31.618962926190473
Ruvuma,Mbinga,Chiwanda,34.94053128913043
Ruvuma,Mbinga,Kigonsera,35.12313753074074
Ruvuma,Mbinga,Kihagara,34.640603891521735
Ruvuma,Mbinga,Kihangimahuka,35.02079892
Ruvuma,Mbinga,Kilimani,35.01255059466666
Ruvuma,Mbinga,Kilosa,34.828445344047616
Ruvuma,Mbinga,Kingerikiti,34.97731978666667
Ruvuma,Mbinga,Kitura,34.7734820225
Ruvuma,Mbinga,Langiro,34.78299128166666
Ruvuma,Mbinga,Linda,34.95517443
Ruvuma,Mbinga,Lipingo,34.73100476304348
Ruvuma,Mbinga,Litembo,34.84098547199999
Ruvuma,Mbinga,Lituhi,34.66775677851852
Ruvuma,Mbinga,Litumbandyosi,35.056146393999995
Ruvuma,Mbinga,Liuli,34.658633450909086
Ruvuma,Mbinga,Maguu,34.7990777375
Ruvuma,Mbinga,Matiri,34.86029387526315
Ruvuma,Mbinga,Mbaha,34.66565956266666
Ruvuma,Mbinga,Mbamba bay,34.795931527586205
Ruvuma,Mbinga,Mbangamao,35.080306285714286
Ruvuma,Mbinga,Mbinga Urban,34.99533787264151
Ruvuma,Mbinga,Mbuji,34.89792483
Ruvuma,Mbinga,Mikalanga,34.83128214368421
Ruvuma,Mbinga,Mkumbi,34.88743483
Ruvuma,Mbinga,Mpapa,34.918134186799996
Ruvuma,Mbinga,Mpepai,35.16967359375
Ruvuma,Mbinga,Mtipwili,34.8944714375
Ruvuma,Mbinga,Myangayanga,34.947276787619046
Ruvuma,Mbinga,Ndogosi,34.82821850827586
Ruvuma,Mbinga,Ngima,34.869399673333334
Ruvuma,Mbinga,Nyoni,34.88717673736842
Ruvuma,Mbinga,Ruanda,34.930715629333335
Ruvuma,Mbinga,Tingi,35.05666361875
Ruvuma,Mbinga,Ukata,34.77661922
Ruvuma,Mbinga,Utiri,35.06480289
Ruvuma,Namtumbo,Kitanda,35.881601366938774
Ruvuma,Namtumbo,Ligera,36.09680927047619
Ruvuma,Namtumbo,Luchili,36.172965586800004
Ruvuma,Namtumbo,Luegu,35.856894043648644
Ruvuma,Namtumbo,Lusewa,36.280713953773585
Ruvuma,Namtumbo,Magazini,36.52097587925926
Ruvuma,Namtumbo,Mgombasi,36.170191464727274
Ruvuma,Namtumbo,Mkongo,36.00000867742425
Ruvuma,Namtumbo,Msindo,35.836214245219786
Ruvuma,Namtumbo,Namabengo,36.05255082409091
Ruvuma,Namtumbo,Rwinga,36.145817655
Ruvuma,Songea Rural,Gumbiro,35.665388004545456
Ruvuma,Songea Rural,Ifinga,35.52220857
Ruvuma,Songea Rural,Kilagano,35.30230474038461
Ruvuma,Songea Rural,Lilambo,35.48432294375
Ruvuma,Songea Rural,Litisha,35.348412588461535
Ruvuma,Songea Rural,Magagura,35.32140727712643
Ruvuma,Songea Rural,Mahanje,35.35427633396226
Ruvuma,Songea Rural,Maposeni,35.445488872153845
Ruvuma,Songea Rural,Matimira,35.75435669114754
Ruvuma,Songea Rural,Mpitimbi,35.53466062367647
Ruvuma,Songea Rural,Muhukuru,35.46239685
Ruvuma,Songea Rural,Ndogosi,35.54579632266667
Ruvuma,Songea Rural,Tanga,35.65013257513513
Ruvuma,Songea Rural,Wino,35.286904928235295
Ruvuma,Songea Urban,Bombambili,35.6479723
Ruvuma,Songea Urban,Lizaboni,35.61783676333334
Ruvuma,Songea Urban,Matarawe,35.63682243
Ruvuma,Songea Urban,Matogoro,35.663344009615386
Ruvuma,Songea Urban,Mfaranyaki,35.64276964
Ruvuma,Songea Urban,Mletele,35.69813238375
Ruvuma,Songea Urban,Mshangano,35.65852667
Ruvuma,Songea Urban,Ruhuwiko,35.588645783333334
Ruvuma,Songea Urban,Ruvuma,35.6402369475
Ruvuma,Songea Urban,Subira,35.59435242
Ruvuma,Tunduru,Kalulu,36.8687477317647
Ruvuma,Tunduru,Kidodoma,37.19252060518519
Ruvuma,Tunduru,Ligoma,37.47861528777778
Ruvuma,Tunduru,Ligunga,37.14605914125
Ruvuma,Tunduru,Lukumbule,37.36400230181818
Ruvuma,Tunduru,Marumba,36.91849873418182
Ruvuma,Tunduru,Matemanga,37.016465682380954
Ruvuma,Tunduru,Mbesa,37.10994426521739
Ruvuma,Tunduru,Mchesi,37.352498075
Ruvuma,Tunduru,Mchoteka,36.883540032142854
Ruvuma,Tunduru,Milingoti Magharibi,37.314643215
Ruvuma,Tunduru,Milingoti Mashariki,37.365999244
Ruvuma,Tunduru,Mindu,37.70294130333334
Ruvuma,Tunduru,Misechela,37.549759020625
Ruvuma,Tunduru,Mtina,37.324073989565214
Ruvuma,Tunduru,Muhuwesi,37.58690030346154
Ruvuma,Tunduru,Nakapanya,37.833247791000005
Ruvuma,Tunduru,Nalasi,36.98955106764706
Ruvuma,Tunduru,Namasakata,37.49030539592592
Ruvuma,Tunduru,Nampungu,37.0281335
Ruvuma,Tunduru,Namwinyu,36.89523990411765
Ruvuma,Tunduru,Nandembo,37.22577955333333
Ruvuma,Tunduru,Tuwemacho,37.39343939818182
Shinyanga,Bariadi,Bariadi,
Shinyanga,Bariadi,Bumera,
Shinyanga,Bariadi,Bunamhala,34.09447103833333
Shinyanga,Bariadi,Chinamili,
Shinyanga,Bariadi,Dutwa,
Shinyanga,Bariadi,Gamboshi,
Shinyanga,Bariadi,Ikungulyabashashi,
Shinyanga,Bariadi,Kasoli,
Shinyanga,Bariadi,Kinang'weli,
Shinyanga,Bariadi,Lagangabilili,34.14376700542857
Shinyanga,Bariadi,Lugulu,
Shinyanga,Bariadi,Mbita,
Shinyanga,Bariadi,Mhango,
Shinyanga,Bariadi,Mhunze,34.29880306733333
Shinyanga,Bariadi,Mwadobana,
Shinyanga,Bariadi,Mwamapalala,
Shinyanga,Bariadi,Mwaswale,
Shinyanga,Bariadi,Mwaubingi,
Shinyanga,Bariadi,Nkololo,
Shinyanga,Bariadi,Nkoma,34.0458818842
Shinyanga,Bariadi,Nyakabindi,
Shinyanga,Bariadi,Sagata,
Shinyanga,Bariadi,Sakwe,
Shinyanga,Bariadi,Sapiwi,
Shinyanga,Bariadi,Somanda,
Shinyanga,Bariadi,Zagayu,
Shinyanga,Bukombe,Budakwa,32.25593294875
Shinyanga,Bukombe,Bukombe,32.06589658285714
Shinyanga,Bukombe,Ikunguigazi,31.938107155789474
Shinyanga,Bukombe,Ilolangulu,32.05769697535714
Shinyanga,Bukombe,Iponya,32.11956397666667
Shinyanga,Bukombe,Iyogela,31.97840009194444
Shinyanga,Bukombe,Lugunga,32.22948946909091
Shinyanga,Bukombe,Masumbwe,32.15386811076923
Shinyanga,Bukombe,Mbogwe,32.13952023648648
Shinyanga,Bukombe,Nyasato,32.210232436896554
Shinyanga,Bukombe,Runzewe,31.59013479939394
Shinyanga,Bukombe,Ushirika,32.260204133676474
Shinyanga,Bukombe,Ushirombo,31.892671435454545
Shinyanga,Bukombe,Uyovu,31.5175305752
Shinyanga,Kahama,Bugarama,32.4369152886
Shinyanga,Kahama,Bulige,32.69793797
Shinyanga,Kahama,Bulungwa,32.1812912475
Shinyanga,Kahama,Busangi,32.546401906363634
Shinyanga,Kahama,Chambo,32.64386799392857
Shinyanga,Kahama,Chela,32.543667625
Shinyanga,Kahama,Chona,32.5952375724
Shinyanga,Kahama,Idahina,32.14851491666666
Shinyanga,Kahama,Igwamanoni,32.22184462409091
Shinyanga,Kahama,Isagehe,32.76006154902439
Shinyanga,Kahama,Isaka,32.921788576666664
Shinyanga,Kahama,Jana,32.96751457636364
Shinyanga,Kahama,Kahama Urban,32.592545145
Shinyanga,Kahama,Kilago,32.59634735190476
Shinyanga,Kahama,Kinaga,32.667246936428576
Shinyanga,Kahama,Kinamapula,32.370502234
Shinyanga,Kahama,Kisuke,32.39121577
Shinyanga,Kahama,Lunguya,32.38705123809524
Shinyanga,Kahama,Malunga,32.57543096882353
Shinyanga,Kahama,Mhongolo,32.621348270588236
Shinyanga,Kahama,Mpunze,32.36177277219512
Shinyanga,Kahama,Mwendakulima,32.674662665
Shinyanga,Kahama,Ngaya,32.63770091875
Shinyanga,Kahama,Ngongwa,32.470357257380954
Shinyanga,Kahama,Ntobo,32.45415629888888
Shinyanga,Kahama,Nyandekwa,32.480066285
Shinyanga,Kahama,Segese,32.41619435621622
Shinyanga,Kahama,Ukune,32.49312407041666
Shinyanga,Kahama,Ulowa,32.14852724666667
Shinyanga,Kahama,Ushetu,32.28767550896552
Shinyanga,Kahama,Uyogo,32.3702586125
Shinyanga,Kahama,Zongomera,32.5630053069697
Shinyanga,Kishapu,Bubiki,33.399090867999995
Shinyanga,Kishapu,Bugoro,33.49195710326923
Shinyanga,Kishapu,Bunambiu,33.258010594999995
Shinyanga,Kishapu,Itilima,33.51132552782609
Shinyanga,Kishapu,Kiloleli,33.69703115666667
Shinyanga,Kishapu,Kishapu,33.83431720666667
Shinyanga,Kishapu,Lagana,33.92800410428571
Shinyanga,Kishapu,Masanga,34.03681379142857
Shinyanga,Kishapu,Mondo,33.52719208675
Shinyanga,Kishapu,Mwadui Lohumbo,33.658111665
Shinyanga,Kishapu,Mwakipoya,34.06966704125
Shinyanga,Kishapu,Mwamalasa,34.137350288
Shinyanga,Kishapu,Mwamashele,33.828511069
Shinyanga,Kishapu,Ngofila,33.798883852857145
Shinyanga,Kishapu,Shagihilu,33.94798983086957
Shinyanga,Kishapu,Songwa,33.54148194424243
Shinyanga,Kishapu,Talaga,33.586372735625
Shinyanga,Kishapu,Uchunga,33.740350032592595
Shinyanga,Kishapu,Ukenyenge,33.66931418484849
Shinyanga,Maswa,Badi,33.526952441764706
Shinyanga,Maswa,Buchambi,33.74567828180328
Shinyanga,Maswa,Budekwa,33.80843569657143
Shinyanga,Maswa,Busilili,33.792219231000004
Shinyanga,Maswa,Dakama,34.03736148266667
Shinyanga,Maswa,Ipililo,34.08050065081081
Shinyanga,Maswa,Isanga,33.649341568163265
Shinyanga,Maswa,Kadoto,33.67975155431818
Shinyanga,Maswa,Kulimi,33.626031642444445
Shinyanga,Maswa,Lalago,33.939545970512825
Shinyanga,Maswa,Malampaka,33.517330641388895
Shinyanga,Maswa,Masela,33.63295099647058
Shinyanga,Maswa,Mpindo,34.04570429953125
Shinyanga,Maswa,Ngulinguli,33.949942051600004
Shinyanga,Maswa,Nyabubinza,33.55630486563636
Shinyanga,Maswa,Nyalikungu,33.79001609166667
Shinyanga,Maswa,Shishiyu,33.58970969979592
Shinyanga,Maswa,Sukuma,33.8762492765625
Shinyanga,Meatu,Bukundi,34.619194905
Shinyanga,Meatu,Imalaseko,34.123423036
Shinyanga,Meatu,Itinje,34.1567261115625
Shinyanga,Meatu,Kisesa,34.174362469795916
Shinyanga,Meatu,Lingeka,34.364786333902444
Shinyanga,Meatu,Lubiga,34.13381115266667
Shinyanga,Meatu,Mwabuma,34.263521035625
Shinyanga,Meatu,Mwabusalu,34.160894048076926
Shinyanga,Meatu,Mwabuzo,34.20470479615385
Shinyanga,Meatu,Mwamalole,34.358014692
Shinyanga,Meatu,Mwamanongu,34.25613357615385
Shinyanga,Meatu,Mwamishali,34.27472777
Shinyanga,Meatu,Mwandoya,34.25425477068493
Shinyanga,Meatu,Mwanhunzi,34.3008920568421
Shinyanga,Meatu,Mwanjoro,34.473402515
Shinyanga,Meatu,Ng'hoboko,34.11818486111111
Shinyanga,Meatu,Nkoma,34.37646520222222
Shinyanga,Meatu,Sakasaka,34.38274506347826
Shinyanga,Shinyanga Rural,Didia,33.053118815000005
Shinyanga,Shinyanga Rural,Ilola,33.02166567777778
Shinyanga,Shinyanga Rural,Imesela,33.1174691375
Shinyanga,Shinyanga Rural,Iselamagazi,33.11942722
Shinyanga,Shinyanga Rural,Itwangi,33.098580452702706
Shinyanga,Shinyanga Rural,Lyabukande,32.958157989
Shinyanga,Shinyanga Rural,Mwakitolyo,32.746425706000004
Shinyanga,Shinyanga Rural,Mwamala,33.31859719135135
Shinyanga,Shinyanga Rural,Mwantini,33.23233091875
Shinyanga,Shinyanga Rural,Pandagichiza,33.345588264375
Shinyanga,Shinyanga Rural,Salawe,32.84688496129032
Shinyanga,Shinyanga Rural,Samuye,33.38013624561644
Shinyanga,Shinyanga Rural,Solwa,32.93162511222222
Shinyanga,Shinyanga Rural,Tinde,33.176584549150945
Shinyanga,Shinyanga Rural,Usanda,33.26727997350877
Shinyanga,Shinyanga Rural,Usule,33.19069205354839
Shinyanga,Shinyanga Urban,Chibe,33.38198635263158
Shinyanga,Shinyanga Urban,Ibadakuli,33.48696500792453
Shinyanga,Shinyanga Urban,Kitangili,33.434887690000004
Shinyanga,Shinyanga Urban,Kizumbi,33.420631871666664
Shinyanga,Shinyanga Urban,Kolandoto,33.53552878192308
Shinyanga,Shinyanga Urban,Mwamalili,33.45950744642857
Shinyanga,Shinyanga Urban,Mwawaza,33.344575885384614
Shinyanga,Shinyanga Urban,Ngokolo,33.441509382727276
Singida,Iramba,Gumanga,34.60877945
Singida,Iramba,Ibaga,34.61390272238095
Singida,Iramba,Iguguno,34.596664727027026
Singida,Iramba,Ilunda,34.8089877905
Singida,Iramba,Kaselya,34.48836397805556
Singida,Iramba,Kasiriri,34.448349285
Singida,Iramba,Kidaru,34.474887429
Singida,Iramba,Kinampanda,34.50276816272727
Singida,Iramba,Kinyagiri,34.64504648730769
Singida,Iramba,Kiomboi,34.3773467590625
Singida,Iramba,Kyengege,34.459832879333334
Singida,Iramba,Mbelekese,34.44435503956522
Singida,Iramba,Mdago,34.35568755888889
Singida,Iramba,Mpambala,34.558641044285714
Singida,Iramba,Msingi,34.580945368181816
Singida,Iramba,Mtekente,34.214646045833334
Singida,Iramba,Mtoa,34.236135030625
Singida,Iramba,Mwanga,34.879256526875
Singida,Iramba,Mwangaza,34.840828779166664
Singida,Iramba,Nduguti,34.73161996568182
Singida,Iramba,Nkinto,34.77070771636364
Singida,Iramba,Ntwike,34.23114238958333
Singida,Iramba,Shelui,34.212596033333334
Singida,Iramba,Tulya,34.3406521225
Singida,Iramba,Ulemo,34.373475872307694
Singida,Iramba,Urughu,34.17757819333333
Singida,Manyoni,Aghondi,34.69319385166667
Singida,Manyoni,Chikola,34.841534704000004
Singida,Manyoni,Chikuyu,35.06396416818182
Singida,Manyoni,Heka Azimio,34.89065452
Singida,Manyoni,Idodyandole,34.753369395
Singida,Manyoni,Ipande,34.568124641428575
Singida,Manyoni,Isseke,35.020151912222225
Singida,Manyoni,Itigi,34.43177160956522
Singida,Manyoni,Kilimatinde,34.97721684257143
Singida,Manyoni,Kintinku,35.226094767777774
Singida,Manyoni,Majiri,35.00319678076923
Singida,Manyoni,Makanda,35.33208173333333
Singida,Manyoni,Makuru,35.008976240833334
Singida,Manyoni,Manyoni,34.834163900875
Singida,Manyoni,Maweni,35.13903277
Singida,Manyoni,Mgandu,34.097636083793105
Singida,Manyoni,Nkoko,34.936865599444445
Singida,Manyoni,Rungwa,33.74564429
Singida,Manyoni,Sanjaranda,34.53320164466666
Singida,Manyoni,Sanza,35.208751207272726
Singida,Manyoni,Sasajila,34.96399857105263
Singida,Singida Rural,Dung'unyi,34.79617393678571
Singida,Singida Rural,Ihanja,34.670047391044776
Singida,Singida Rural,Ikhawoda,34.97620890205128
Singida,Singida Rural,Ikungu,34.773135202666666
Singida,Singida Rural,Ilongero,34.878450312539684
Singida,Singida Rural,Irisya,34.59879042533333
Singida,Singida Rural,Issuwa,34.73417474259259
Singida,Singida Rural,Kinyeto,34.84688105130435
Singida,Singida Rural,Maghojea,35.024016265161286
Singida,Singida Rural,Makuro,34.918713642307694
Singida,Singida Rural,Mang'onyi,34.986724130625
Singida,Singida Rural,Merya,34.951884802368426
Singida,Singida Rural,Mgori,35.0014039817647
Singida,Singida Rural,Mgungira,34.01095009857143
Singida,Singida Rural,Minyughe,34.551500966000006
Singida,Singida Rural,Misughaa,35.030967707692305
Singida,Singida Rural,Msisi,34.6501668175
Singida,Singida Rural,Mtinko,34.83367737911765
Singida,Singida Rural,Mudida,34.881002225416665
Singida,Singida Rural,Munga'a,34.8575381028125
Singida,Singida Rural,Mwaru,34.22881461666667
Singida,Singida Rural,Naintiri,34.61281754
Singida,Singida Rural,Ngimu,35.080688185999996
Singida,Singida Rural,Ntuntu,34.94497862045454
Singida,Singida Rural,Puma,34.758411020454545
Singida,Singida Rural,Sepuko,34.54632791390244
Singida,Singida Rural,Siuyu,34.929572420576925
Singida,Singida Rural,Ughandi,34.72555402885714
Singida,Singida Urban,Mandewa,34.689762488
Singida,Singida Urban,Mtamaa,34.64081245263158
Singida,Singida Urban,Mtipa,34.75194969
Singida,Singida Urban,Mungumaji,34.787494359444445
Singida,Singida Urban,Mwankoko,34.6631603565625
Singida,Singida Urban,Unyambwa,34.82174472391305
Singida,Singida Urban,Unyamikumbi,34.80419606457143
Tabora,Igunga,Bukoko,33.712280615
Tabora,Igunga,Chabutwa,33.46990427777777
Tabora,Igunga,Choma,33.360371746944445
Tabora,Igunga,Igoweko,33.57576321037037
Tabora,Igunga,Igunga,33.884007122826084
Tabora,Igunga,Igurubi,33.705337563571426
Tabora,Igunga,Isakamaliwa,34.01406902285714
Tabora,Igunga,Itumba,33.8693519
Tabora,Igunga,Itunduru,33.650884096
Tabora,Igunga,Kining'inila,33.96922828
Tabora,Igunga,Kinungu,33.57137543
Tabora,Igunga,Mbutu,33.926664595333335
Tabora,Igunga,Mwamashiga,33.729203481666666
Tabora,Igunga,Mwashiku,33.46305213
Tabora,Igunga,Mwisi,33.4522073
Tabora,Igunga,Nanga,33.655923521212124
Tabora,Igunga,Ndembezi,33.43206709692308
Tabora,Igunga,Ngulu,33.49371129833333
Tabora,Igunga,Nguvu Moja,33.8236502
Tabora,Igunga,Nkinga,33.438688431923076
Tabora,Igunga,Ntobo,33.539891735
Tabora,Igunga,Nyandekwa,33.49887694615385
Tabora,Igunga,Simbo,33.48229529558824
Tabora,Igunga,Sungwisi,33.64261224
Tabora,Igunga,Ziba,33.418669185
Tabora,Nzega,Budushi,33.32472971999999
Tabora,Nzega,Bukene,32.8887243265
Tabora,Nzega,Igusule,32.854660547391305
Tabora,Nzega,Ijanija,33.146106895
Tabora,Nzega,Ikindwa,32.88004202764706
Tabora,Nzega,Isagenhe,32.925052741428566
Tabora,Nzega,Isanzu,33.063819762
Tabora,Nzega,Itilo,33.191794775
Tabora,Nzega,Itobo,33.015321364074076
Tabora,Nzega,Kahamanhalaga,32.74575336129032
Tabora,Nzega,Karitu,32.986778078
Tabora,Nzega,Kasela,32.98291522363636
Tabora,Nzega,Lusu,33.22858873458333
Tabora,Nzega,Magengati,33.057682385
Tabora,Nzega,Mambali,32.76124302388889
Tabora,Nzega,Mbogwe,33.261234308571424
Tabora,Nzega,Miguwa,33.2881503234375
Tabora,Nzega,Mihugi,33.27918738555556
Tabora,Nzega,Mizibaziba,33.310814029999996
Tabora,Nzega,Mlambo-Itobo,32.97094982555555
Tabora,Nzega,Mogwa,32.82222834461538
Tabora,Nzega,Mwakanshashala,33.01126822709677
Tabora,Nzega,Mwamala,32.9260053
Tabora,Nzega,Mwangoye,33.07568007388889
Tabora,Nzega,Nata,33.157840891333336
Tabora,Nzega,Ndala,33.245801335
Tabora,Nzega,Nkiniziwa,33.158089405714286
Tabora,Nzega,Nzega Urban,33.18684613185185
Tabora,Nzega,Nzega ndogo,33.16020039111111
Tabora,Nzega,Puge,33.164962182222226
Tabora,Nzega,Semembela,32.659435255000005
Tabora,Nzega,Shigamba,33.07751503
Tabora,Nzega,Sigili,32.95758059333333
Tabora,Nzega,Tongi,33.31730651777778
Tabora,Nzega,Uduka,32.907493794400004
Tabora,Nzega,Utwigu,33.123461051250004
Tabora,Nzega,Wela,33.31305347875
Tabora,Sikonge,Chabutwa,32.758430065333336
Tabora,Sikonge,Igigwa,32.787411402
Tabora,Sikonge,Ipole,32.73432708642857
Tabora,Sikonge,Kiloleli,32.96645971181818
Tabora,Sikonge,Kiloli,33.40972300714286
Tabora,Sikonge,Kipanga,32.9211509975
Tabora,Sikonge,Kipili,33.89043947636364
Tabora,Sikonge,Kitunda,33.23819071375
Tabora,Sikonge,Pangale,32.71154679333333
Tabora,Sikonge,Sikonge,32.75700878902439
Tabora,Sikonge,Tutuo,32.623266353846155
Tabora,Tabora Urban,Chemchem,32.80042490428571
Tabora,Tabora Urban,Gongoni,32.803994403333334
Tabora,Tabora Urban,Ipuli,32.84257027
Tabora,Tabora Urban,Isevya,32.820042453333336
Tabora,Tabora Urban,Itetemia,32.7668579840625
Tabora,Tabora Urban,Itonjanda,32.9369961175
Tabora,Tabora Urban,Kakola,32.826100343
Tabora,Tabora Urban,Kalunde,32.69243051
Tabora,Tabora Urban,Kanyenye,32.807276666
Tabora,Tabora Urban,Kiloleni,32.81106508
Tabora,Tabora Urban,Kitete,32.81458265
Tabora,Tabora Urban,Malolo,32.7636426475
Tabora,Tabora Urban,Mbugani,32.79325322
Tabora,Tabora Urban,Misha,32.760602691034485
Tabora,Tabora Urban,Ndevelwa,32.907247438
Tabora,Tabora Urban,Ng'ambo,32.80409075
Tabora,Tabora Urban,Tambukareli,32.798214130000005
Tabora,Tabora Urban,Tumbi,32.68933185666666
Tabora,Tabora Urban,Uyui,32.8500562825
Tabora,Urambo,Ichemba,32.348965846
Tabora,Urambo,Igalala,31.661425241666667
Tabora,Urambo,Igombe Mkulu,32.25195389545455
Tabora,Urambo,Imalamakoye,32.0856520815
Tabora,Urambo,Itundu,32.15929277866667
Tabora,Urambo,Kaliua,31.778724392666668
Tabora,Urambo,Kanindo,32.09432817882353
Tabora,Urambo,Kapilula,32.10971736
Tabora,Urambo,Kashishi,32.33742798175
Tabora,Urambo,Kazaroho,31.89815296294118
Tabora,Urambo,Kiloleni,32.29902585
Tabora,Urambo,Milambo,32.19397302666667
Tabora,Urambo,Muungano,32.07742342411765
Tabora,Urambo,Mwongozo,32.408142330625
Tabora,Urambo,Songambele,32.11263373964285
Tabora,Urambo,Ugunga,31.709386957142858
Tabora,Urambo,Ukondamoyo,31.97075731
Tabora,Urambo,Ukumbisiganga,31.50957954
Tabora,Urambo,Urambo,32.0695733275
Tabora,Urambo,Ushokola,31.809025271999996
Tabora,Urambo,Usinge,31.372182393750002
Tabora,Urambo,Usisya,32.23428545615384
Tabora,Urambo,Ussoke,32.31603804454546
Tabora,Urambo,Uyowa,31.988948756666662
Tabora,Urambo,Uyumbu,32.3432221728125
Tabora,Urambo,Vumilia,31.91444735
Tabora,Uyui,Bukumbi,32.520028179
Tabora,Uyui,Goweko,33.14205190444444
Tabora,Uyui,Ibiri,32.57440734945946
Tabora,Uyui,Igalula,33.048161270444446
Tabora,Uyui,Ikongolo,32.84578567
Tabora,Uyui,Ilolangulu,32.6174333345
Tabora,Uyui,Isikizya,33.11635311827586
Tabora,Uyui,Kizengi,33.642077841538466
Tabora,Uyui,Loya,33.735613688
Tabora,Uyui,Lutende,33.56831482166667
Tabora,Uyui,Mabama,32.5121913012
Tabora,Uyui,Magiri,33.029174268
Tabora,Uyui,Ndono,32.43985266333333
Tabora,Uyui,Shitage,32.516755620000005
Tabora,Uyui,Ufuluma,32.395900289375
Tabora,Uyui,Upuge,32.980194866666665
Tabora,Uyui,Usagali,32.518462134
Tanga,Handeni,Chanika,38.00851495411764
Tanga,Handeni,Kabuku,38.46526284625
Tanga,Handeni,Kiva,38.15306767111111
Tanga,Handeni,Komkonga,38.413426316
Tanga,Handeni,Kwaluguru,38.087385127272725
Tanga,Handeni,Kwamatuku,38.405063927142855
Tanga,Handeni,Kwamkonje,38.203549824444444
Tanga,Handeni,Kwamsisi,38.58381270125
Tanga,Handeni,Kwasunga,38.432768115
Tanga,Handeni,Kwedizinga,38.528765103333335
Tanga,Handeni,Mazingara,38.22683461076923
Tanga,Handeni,Mgambo,38.511488274893615
Tanga,Handeni,Misima,38.109126319999994
Tanga,Handeni,Mkata,38.3021549435
Tanga,Handeni,Ndolwa,38.3599608068421
Tanga,Handeni,Segera,38.527502544
Tanga,Handeni,Sindeni,38.25502614
Tanga,Handeni,Vibaoni,38.058978055555556
Tanga,Kilindi,Jaila,37.90380117111111
Tanga,Kilindi,Kikunde,37.19760631040816
Tanga,Kilindi,Kimbe,37.628636351666664
Tanga,Kilindi,Kisangasa,37.517349122
Tanga,Kilindi,Kwediboma,37.57388803
Tanga,Kilindi,Masagalu,37.28635450777777
Tanga,Kilindi,Mkindi,37.825436945
Tanga,Kilindi,Msanja,37.748677314285715
Tanga,Kilindi,Mvungwe,37.43030597133333
Tanga,Kilindi,Negero,37.814280530000005
Tanga,Kilindi,Pangwi,37.134803805000004
Tanga,Kilindi,Saunyi,37.60131686
Tanga,Korogwe,Bungu,38.3829136125
Tanga,Korogwe,Chekelei,38.32474039214286
Tanga,Korogwe,Dindira,38.444048022857146
Tanga,Korogwe,Kerenge,38.55450151238095
Tanga,Korogwe,Kizara,38.669091673333334
Tanga,Korogwe,Korogwe,38.484558195714285
Tanga,Korogwe,Kwagunda,38.554206858125
Tanga,Korogwe,Kwamndolwa,38.503522864375
Tanga,Korogwe,Lutindi,38.372495005000005
Tanga,Korogwe,Magoma,38.56449422081633
Tanga,Korogwe,Makuyuni,38.34033963545455
Tanga,Korogwe,Mashewa,38.66182153818182
Tanga,Korogwe,Mazinde,38.209250479400005
Tanga,Korogwe,Mkalamo,38.15822919642857
Tanga,Korogwe,Mkomazi,38.084521049375
Tanga,Korogwe,Mnyuzi,38.594081376666665
Tanga,Korogwe,Mombo,38.26713697571429
Tanga,Korogwe,Msambiazi,38.44818244888889
Tanga,Korogwe,Ngombezi,38.408152183
Tanga,Korogwe,Vugiri,38.47709225
Tanga,Lushoto,Bumbuli,38.47007532333333
Tanga,Lushoto,Funta,38.45606174842106
Tanga,Lushoto,Gare,38.35103633222222
Tanga,Lushoto,Hemtoye,38.37577031714285
Tanga,Lushoto,Kwai,38.347750572542374
Tanga,Lushoto,Lunguza,38.4030276459375
Tanga,Lushoto,Lushoto,38.285153333636366
Tanga,Lushoto,Malibwi,38.39595267166667
Tanga,Lushoto,Malindi,38.289748026407764
Tanga,Lushoto,Mamba,38.387956530454545
Tanga,Lushoto,Mbaramo,38.330356203571434
Tanga,Lushoto,Mbuzii,38.344606326
Tanga,Lushoto,Mgwashi,38.49763973533334
Tanga,Lushoto,Mlalo,38.35296058857143
Tanga,Lushoto,Mlola,38.418009536
Tanga,Lushoto,Mnazi,38.26759867735294
Tanga,Lushoto,Mtae,38.254416475
Tanga,Lushoto,Mwangoi,38.31225327
Tanga,Lushoto,Ngwelo,38.48641742625
Tanga,Lushoto,Rangwi,38.251444234000004
Tanga,Lushoto,Shume,38.238496449322035
Tanga,Lushoto,Soni,38.36865385478261
Tanga,Lushoto,Sunga,38.223526128888885
Tanga,Lushoto,Tamota,38.47847944478261
Tanga,Lushoto,Ubiri,38.300150148125
Tanga,Lushoto,Vuga,38.357427786904765
Tanga,Mkinga,Daluni,38.774996531666666
Tanga,Mkinga,Duga,39.10463697888889
Tanga,Mkinga,Gombero,38.931985176
Tanga,Mkinga,Kwale,39.131715492727274
Tanga,Mkinga,Manza,39.13494841428572
Tanga,Mkinga,Maramba,38.819390048561154
Tanga,Mkinga,Mhinduro,38.78922474611111
Tanga,Mkinga,Mkinga,39.0953220575
Tanga,Mkinga,Moa,39.1630451592
Tanga,Mkinga,Mtimbwani,39.0841009825
Tanga,Muheza,Bwembera,38.70549154
Tanga,Muheza,Kicheba,38.79888020413794
Tanga,Muheza,Kigombe,39.05522741827586
Tanga,Muheza,Kilulu,38.785604379
Tanga,Muheza,Kisiwani,38.621459457777775
Tanga,Muheza,Kwafungo,38.705069945384615
Tanga,Muheza,Lusanga,38.832822695833336
Tanga,Muheza,Magila,38.77129677
Tanga,Muheza,Magoroto,38.758248689999995
Tanga,Muheza,Majengo,38.8021573875
Tanga,Muheza,Masuguru,38.7838831175
Tanga,Muheza,Mbaramo,38.78155194
Tanga,Muheza,Misalai,38.63160711
Tanga,Muheza,Misozwe,38.77338635352941
Tanga,Muheza,Mkuzi,38.82367838583333
Tanga,Muheza,Mtindiro,38.77228927444444
Tanga,Muheza,Ngomeni,38.92608330652174
Tanga,Muheza,Nkumba,38.708961722
Tanga,Muheza,Pande,38.85068215642857
Tanga,Muheza,Potwe,38.629561561904765
Tanga,Muheza,Songa,38.65716274333333
Tanga,Muheza,Tingeni,38.752755207142854
Tanga,Muheza,Zirai,38.70504261285714
Tanga,Pangani,Bushiri,38.86767827941177
Tanga,Pangani,Bweni,38.975150414999995
Tanga,Pangani,Kimang'a,39.013175688181825
Tanga,Pangani,Kipumbwi,38.8920650715
Tanga,Pangani,Madanga,38.97603989807693
Tanga,Pangani,Mikunguni,38.92748931083333
Tanga,Pangani,Mkalamo,38.66605216953488
Tanga,Pangani,Mkwaja,38.85480705444444
Tanga,Pangani,Mwera,38.95310936105263
Tanga,Pangani,Pangani Magharibi,38.971521845
Tanga,Pangani,Pangani Mashariki,38.97670231265625
Tanga,Pangani,Tungamaa,38.92082072375
Tanga,Pangani,Ubangaa,38.89193197
Tanga,Tanga,Chongoleani,39.110253560000004
Tanga,Tanga,Kiomoni,38.928432325
Tanga,Tanga,Mabokweni,39.0413833912
Tanga,Tanga,Marungu,39.030732003333334
Tanga,Tanga,Maweni,39.0408301
Tanga,Tanga,Mzizima,39.036783998000004
Tanga,Tanga,Pongwe,38.979690219
Tanga,Tanga,Tongoni,39.074453597368425
